Community_id,HLA_Status,Community_size,Component_id,Component_size,PatientDerived_Nodes,NumberOf_PatientDerived_Nodes,Number_of_Patients,Patient_id,CancerType_Range,BestResponse_Range,HPVStatus_Range,KnownExternalTCRs,Abstract_Annotation,Detailed_Annotation,Color
135,HLA-DPB1*04:01,12,3,219,"CAISVGETQYF_IOKINBlood:LIB-25-0003_T3,CASSFGETQYF_IOKINBlood:LIB-25-0003_T0,CASSLGETGYF_IOKINBlood:LIB-25-0017_T6,CASSLGETQYF_IOKINBlood:LIB-25-0017_T3-T5,CASSPGETQYF_IOKINBlood:LIB-25-0013_T4,CASSRGETQYF_IOKINBlood:LIB-25-0017_T5,CASSSGETQYF_IOKINBlood:LIB-25-0009_T2,CATSDGETQYF_IOKINBlood:LIB-25-0001_T1,CATSDGETQYF_IOKINBlood:LIB-25-0012_T1-T2-T3",9,6,"LIB-25-0001,LIB-25-0003,LIB-25-0009,LIB-25-0012,LIB-25-0013,LIB-25-0017","Larynx,OralCavity,Oropharynx","CR,LongTerm SD,PD,PR","Positive,TBD",CASSSGETQYF_S-pneumoniae:DPB1*04:01__ECTGLAWEWWRTV__NA,Bacterial,S-pneumoniae,#BAC70D
335,HLA-DPB1*04:01,6,55,6,"CASSFSTDTQYF_IOKINBlood:LIB-25-0013_T0,CASSFSTDTQYF_IOKINBlood:LIB-25-0018_T4",2,2,"LIB-25-0013,LIB-25-0018","Hypopharynx,Oropharynx","LongTerm SD,PR","Positive,TBD",CASSTSTDTQYF_S-pneumoniae:DPB1*04:01__ECTGLAWEWWRTV__NA,Bacterial,S-pneumoniae,#BAC70D
3,Divergent,11,3,219,"CASSDGAEQYF_IOKINBlood:LIB-25-0009_T0-T1-T2-T3-T4,CASSDGGEQYF_IOKINBlood:LIB-25-0009_T3,CATSDGDEQFF_IOKINBlood:LIB-25-0001_T0,CATSDGDEQYF_IOKINBlood:LIB-25-0001_T4,CATSDGDEQYF_IOKINBlood:LIB-25-0012_T6,CATSDGREAFF_IOKINBlood:LIB-25-0003_T0",6,4,"LIB-25-0001,LIB-25-0003,LIB-25-0009,LIB-25-0012","Larynx,OralCavity,Oropharynx","CR,PD,PR","Positive,TBD","CASSDGGEQYF_S-pneumoniae:DPB1*04:01__GLAWEWWRTV__NA,CASSDGNEQFF_HomoSapiens:A*02__NLFNRYLAL__LCP1-PL",Cross-species,"LCP1-PL,S-pneumoniae",#FFDF01
50,Divergent,11,6,255,"CASSLAGETQYF_IOKINBlood:LIB-25-0002_T1,CASSLAGETQYF_IOKINBlood:LIB-25-0003_T2-T4,CASSLFGETQYF_IOKINBlood:LIB-25-0009_T3,CASSLGGETQYF_IOKINBlood:LIB-25-0002_T4,CASSLHGETQYF_IOKINBlood:LIB-25-0009_T4",5,3,"LIB-25-0002,LIB-25-0003,LIB-25-0009","Larynx,Oropharynx","LongTerm SD,PD,PR","Positive,TBD","CASSLGGETQYF_HomoSapiens:B*40:01__TEFFPFYAL__Mut-ARMC9,CASSLLGETQYF_EBV:NA__NA__NA",Cross-species,"EBV,Mut-ARMC9",#FFDF01
168,Divergent,7,26,37,CASSLGQGNSPLHF_IOKINBlood:LIB-25-0001_T2,1,1,LIB-25-0001,OralCavity,PD,TBD,"CASSEGQGNSPLHF_MCPyV:A*02:01__KLLEIAPNC__T-Ag,CASSLGQGNSPLHF_CMV:A*02:01__NLVPMVATV__pp65",Cross-species,"CMV,MCPyV",#FFDF01
63,Divergent,5,6,255,"CAWSVLGYEQYF_IOKINBlood:LIB-25-0001_T0,CAWSVLGYEQYF_IOKINBlood:LIB-25-0017_T6",2,2,"LIB-25-0001,LIB-25-0017",OralCavity,"PD,PR",TBD,"CAISELGYEQYF_HomoSapiens:A*02__VVLSWAPPV-orVVMSWAPPV__FNDC3B-orFNDC3B-L3M,CASSQLGYEQYF_HPV:NA__NA__E2-orE5-orE6-orE7",Cross-species,"FNDC3B-orFNDC3B-L3M,HPV",#FFDF01
107,Divergent,5,3,219,"CAISEYYEQYF_IOKINBlood:LIB-25-0001_T4,CASSEYYEQYF_IOKINBlood:LIB-25-0013_T4,CASSGYYEQYF_IOKINBlood:LIB-25-0013_T1",3,2,"LIB-25-0001,LIB-25-0013","OralCavity,Oropharynx","LongTerm SD,PD","Positive,TBD","CASSDYYEQYF_S-pneumoniae:DPB1*04:01__ECTGLAWEWWRTV__NA,CASSTYYEQFF_HomoSapiens:A*02__FMLYLLTLM__OR14C36-V6L",Cross-species,"OR14C36-V6L,S-pneumoniae",#FFDF01
406,Divergent,5,58,5,CARRDYGYTF_IOKINBlood:LIB-25-0001_T6,1,1,LIB-25-0001,OralCavity,PD,TBD,"CSASDYGYTF_HomoSapiens:A*02:01__LLHGFSFYL__PORCN-H346Y,CSVVDYGYTF_CMV:A*02:01__NLVPMVATV__pp65",Cross-species,"CMV,PORCN-H346Y",#FFDF01
5,HLA-A*02,23,3,219,"CAISESYEQFF_IOKINBlood:LIB-25-0013_T4,CAISGSYEQYF_IOKINBlood:LIB-25-0018_T2,CASSFSYEQYF_IOKINBlood:LIB-25-0013_T2,CASSFSYEQYF_IOKINBlood:LIB-25-0017_T1,CASSLSYEQYF_IOKINBlood:LIB-25-0001_T0-T3,CASSSSYEQYF_IOKINBlood:LIB-25-0013_T5,CASSYSYEQYF_IOKINBlood:LIB-25-0018_T4,CAWSVSYEQYF_IOKINBlood:LIB-25-0018_T6,CDSSLSYEQYF_IOKINBlood:LIB-25-0001_T3,CSASPSYEQYF_IOKINBlood:LIB-25-0018_T4",10,4,"LIB-25-0001,LIB-25-0013,LIB-25-0017,LIB-25-0018","Hypopharynx,OralCavity,Oropharynx","LongTerm SD,PD,PR","Positive,TBD","CASSDSYEQYF_HomoSapiens:A*02__ELAGIGILTV__MelanA-A27L,CASSDSYEQYF_YFV:A*02__LLWNGPMAV__YFV-LLW,CASSLSYEQYF_HomoSapiens:A*02__FLTVFSHFM__PIGN-P7H,CATSGSYEQYF_HomoSapiens:A*02__ELAGIGILTV__MelanA-A27L",Cross-species,"MelanA-A27L,PIGN-P7H,YFV",#FFDF01
14,HLA-A*02,15,9,252,"CASSFGQGYEQYF_IOKINBlood:LIB-25-0017_T6,CASSGGQGYEQYF_IOKINBlood:LIB-25-0001_T1,CASSLGQGYEQYF_IOKINBlood:LIB-25-0017_T6,CASSPGQGYEAFF_IOKINBlood:LIB-25-0017_T5,CASSRGQGYEQYF_IOKINBlood:LIB-25-0017_T1",5,2,"LIB-25-0001,LIB-25-0017",OralCavity,"PD,PR",TBD,"CASSAGQGYEQYF_HomoSapiens:A*02__KLWASPLHV__ATP6AP1-G3W,CASSEGQGYEQYF_HomoSapiens:A*02__VLENFTIFLV__TEAD1-L8F,CASSFGQGYEQYF_HomoSapiens:A*02__LIFNMFYWI__GLRA1,CASSFGQGYEQYF_HomoSapiens:A*02__NLNCCSVPV__GNL3L-R4C,CASSLGQGYEQYF_HomoSapiens:A*02:01__KLMNIQQKL__AKAP13-Q285K,CASSPGQGYEQYF_HomoSapiens:A*02__FLFMYLVTV__OR1G1,CASSPGQGYEQYF_HomoSapiens:A*02__KLWASPLHV__ATP6AP1-G3W,CASSPGQGYEQYF_HomoSapiens:A*02:01__LLLGIGILVL__BST2,CASSQGQGYEQYF_CMV:A*02__MLNIPSINV__CMV-MLN,CASSYGQGYEQYF_HomoSapiens:A*02__NLNCCSVPV__GNL3L-R4C",Cross-species,"CMV,ATP6AP1-G3W,TEAD1-L8F,GLRA1,GNL3L-R4C,AKAP13-Q285K,OR1G1,BST2",#FFDF01
52,HLA-A*02,12,3,219,"CASSEGYEQYF_IOKINBlood:LIB-25-0009_T5,CASSFGYEQYF_IOKINBlood:LIB-25-0017_T3,CASSPGYEQYF_IOKINBlood:LIB-25-0002_T5,CASSPGYEQYF_IOKINBlood:LIB-25-0012_T5,CASSQGYEQYF_IOKINBlood:LIB-25-0009_T2,CATSGGYEQYF_IOKINBlood:LIB-25-0002_T6",6,4,"LIB-25-0002,LIB-25-0009,LIB-25-0012,LIB-25-0017","Larynx,OralCavity,Oropharynx","CR,LongTerm SD,PR","Positive,TBD","CASSGGYEQYF_YFV:A*02__LLWNGPMAV__YFV-LLW,CASSQGYEQYF_HomoSapiens:A*02__VLFAAFSSA__PLXNB1",Cross-species,"PLXNB1,YFV",#FFDF01
41,HLA-A*02,9,6,255,"CASSFGDTEAFF_IOKINBlood:LIB-25-0001_T4,CASSLGDTEAFF_IOKINBlood:LIB-25-0017_T2,CASSWGDTEAFF_IOKINBlood:LIB-25-0002_T4,CASSWGDTEAFF_IOKINBlood:LIB-25-0018_T4,CSASAGDTEAFF_IOKINBlood:LIB-25-0009_T3",5,5,"LIB-25-0001,LIB-25-0002,LIB-25-0009,LIB-25-0017,LIB-25-0018","Hypopharynx,Larynx,OralCavity,Oropharynx","LongTerm SD,PD,PR","Positive,TBD","CAISRGDTEAFF_HomoSapiens:A*02__KLPLDINPV-orKLPLDIDPV__TTLL12-orTTLL12-N7D,CASSAGDTEAFF_HomoSapiens:A*02__GLTSFFIAI__CD47-V6F,CASSEGDTEAFF_HCV:A*02__KLVALGINAV__NS3,CASSRGDTEAFF_HCV:A*02__KLVALGINAV__NS3",Cross-species,"HCV,TTLL12-orTTLL12-N7D,CD47-V6F",#FFDF01
85,HLA-A*02,9,9,252,"CASSAGGGYEQYF_IOKINBlood:LIB-25-0001_T4,CASSQGGGYEQYF_IOKINBlood:LIB-25-0013_T3,CATSTGGGYEQYF_IOKINBlood:LIB-25-0003_T5,CSASSGGGYEQYF_IOKINBlood:LIB-25-0013_T6",4,3,"LIB-25-0001,LIB-25-0003,LIB-25-0013","OralCavity,Oropharynx","LongTerm SD,PD","Positive,TBD","CASSPGGGYEQYF_HomoSapiens:A*02__NLNCCSVPV__GNL3L-R4C,CASSVGGGYEQYF_HomoSapiens:A*02__KLWASPLHV__ATP6AP1-G3W,CASSYGGGYEQYF_HomoSapiens:A*02__NLNCCSVPV__GNL3L-R4C,CASSYGGGYEQYF_YFV:A*02__LLWNGPMAV__YFV-LLW",Cross-species,"GNL3L-R4C,ATP6AP1-G3W,YFV",#FFDF01
149,HLA-A*02,9,3,219,"CASSPQETQYF_IOKINBlood:LIB-25-0012_T3,CASSQQETQYF_IOKINBlood:LIB-25-0002_T5,CASSSQETQYF_IOKINBlood:LIB-25-0018_T2,CASSTQETQYF_IOKINBlood:LIB-25-0003_T6,CASSYQETQYF_IOKINBlood:LIB-25-0018_T2",5,4,"LIB-25-0002,LIB-25-0003,LIB-25-0012,LIB-25-0018","Hypopharynx,OralCavity,Oropharynx","CR,LongTerm SD,PD,PR","Positive,TBD","CASSNQETQYF_HomoSapiens:A*02__ALYGFVPVL__GANAB-S5F,CASSQQETQYF_CEF:NA__NA__NA",Cross-species,"CEF,GANAB-S5F",#FFDF01
43,HLA-A*02,8,6,255,"CASSEGSYEQYF_IOKINBlood:LIB-25-0001_T2-T3-T4-T5,CASSLGSYEQYF_IOKINBlood:LIB-25-0018_T0,CAWSTGSYEQYF_IOKINBlood:LIB-25-0013_T3",3,3,"LIB-25-0001,LIB-25-0013,LIB-25-0018","Hypopharynx,OralCavity,Oropharynx","LongTerm SD,PD,PR","Positive,TBD","CASSFGSYEQYF_HomoSapiens:NA__SVYWSPKGK__NUP214,CASSQGSYEQYF_HCV:A*02__KLVALGINAV__NS3,CASSYGSYEQYF_HCV:A*02__KLVALGINAV__NS3",Cross-species,"HCV,NUP214",#FFDF01
47,HLA-A*02,8,3,219,"CASSHGGEQFF_IOKINBlood:LIB-25-0018_T1,CASSPGGEAFF_IOKINBlood:LIB-25-0013_T5",2,2,"LIB-25-0013,LIB-25-0018","Hypopharynx,Oropharynx","LongTerm SD,PR","Positive,TBD","CAISPGGEQFF_HomoSapiens:A*02__ILTGLNYEA-orILTGLNYEV__NSDHL-orNSDHL-A9V,CASSFGGEQFF_HomoSapiens:NA__FRFSMIWHL__DOPEY2,CASSMGGEQYF_HCV:A*02__KLVALGINAV__NS3,CASSPGGELFF_HCV:A*02__KLVALGINAV__NS3",Cross-species,"HCV,NSDHL-orNSDHL-A9V,DOPEY2",#FFDF01
108,HLA-A*02,8,22,14,"CASSLGGNTGELFF_IOKINBlood:LIB-25-0018_T1-T2-T6,CASSLGKNTGELFF_IOKINBlood:LIB-25-0017_T1,CASSLGPNTGELFF_IOKINBlood:LIB-25-0001_T1,CASSLGVNTGELFF_IOKINBlood:LIB-25-0002_T2",4,4,"LIB-25-0001,LIB-25-0002,LIB-25-0017,LIB-25-0018","Hypopharynx,OralCavity,Oropharynx","LongTerm SD,PD,PR","Positive,TBD","CASSLGGNTGELFF_HomoSapiens:A*02__ELAGIGILTV__MelanA-A27L,CASSLGGNTGELFF_MCPyV:A*02:01__KLLEIAPNC__T-Ag",Cross-species,"MelanA-A27L,MCPyV",#FFDF01
220,HLA-A*02,8,6,255,"CSASAGNYGYTF_IOKINBlood:LIB-25-0001_T5,CSASQGNYGYTF_IOKINBlood:LIB-25-0009_T3",2,2,"LIB-25-0001,LIB-25-0009","Larynx,OralCavity","PD,PR",TBD,"CASSTGNYGYTF_HCV:A*02__KLVALGINAV__HCV-KLV,CASSTGNYGYTF_HomoSapiens:A*02__ALYGFVPVL__GANAB-S5F,CASSTGNYGYTF_Influenza:A*02:01__GILGFVFTL__M,CAWSVGNYGYTF_HomoSapiens:A*02__VLLGVKLSGV__COL18A1",Cross-species,"HCV,GANAB-S5F,COL18A1,Influenza",#FFDF01
159,HLA-A*02,7,36,7,"CASSLFGSSYEQYF_IOKINBlood:LIB-25-0001_T2,CASSLGGSSYEQYF_IOKINBlood:LIB-25-0003_T2,CASSLLGSSYEQYF_IOKINBlood:LIB-25-0002_T3,CASSLTGSSYEQYF_IOKINBlood:LIB-25-0017_T0",4,4,"LIB-25-0001,LIB-25-0002,LIB-25-0003,LIB-25-0017","OralCavity,Oropharynx","LongTerm SD,PD,PR","Positive,TBD","CASSLGGSSYEQYF_HomoSapiens:A*0201__AAGIGILTV__MelanA,CASSLSGSSYEQYF_YFV:A*02__LLWNGPMAV__YFV-LLW",Cross-species,"MelanA,YFV",#FFDF01
243,HLA-A*02,7,9,252,"CASSLKGSYEQYF_IOKINBlood:LIB-25-0003_T3,CASSLRGSYEQYF_IOKINBlood:LIB-25-0017_T6,CASSLSGSYEQYF_IOKINBlood:LIB-25-0013_T0",3,3,"LIB-25-0003,LIB-25-0013,LIB-25-0017","OralCavity,Oropharynx","LongTerm SD,PD,PR","Positive,TBD","CASSLEGSYEQYF_EBV:NA__KLVALGINAV-orRAKFKQLL__BZLF1,CASSLEGSYEQYF_HCV:A*02__KLVALGINAV__NS3,CASSLQGSYEQYF_HomoSapiens:A*02__VVMSWAPPV__FNDC3B-L3M",Cross-species,"EBV,HCV,FNDC3B-L3M",#FFDF01
286,HLA-A*02,7,6,255,"CASSLGQTEAFF_IOKINBlood:LIB-25-0001_T5,CASSLGVTEAFF_IOKINBlood:LIB-25-0018_T0",2,2,"LIB-25-0001,LIB-25-0018","Hypopharynx,OralCavity","PD,PR",TBD,"CASSLGNTEAFF_HomoSapiens:A*02__FLYNPLTRV__SEC24A,CASSLGNTEAFF_MCPyV:A*02:01__KLLEIAPNC__T-Ag,CASSMGNTEAFF_HomoSapiens:A*02:01__FLYNLLTRV__SEC24A-P469L,CASSVGNTEAFF_HomoSapiens:A*02__YVLTWIVGA__GALC-V3L",Cross-species,"SEC24A,SEC24A-P469L,GALC-V3L,MCPyV",#FFDF01
299,HLA-A*02,7,51,7,"CASSFLAGGYNEQFF_IOKINBlood:LIB-25-0018_T4,CASSSLAGGYNEQFF_IOKINBlood:LIB-25-0003_T4",2,2,"LIB-25-0003,LIB-25-0018","Hypopharynx,Oropharynx","PD,PR","Positive,TBD","CASSALAGGYNEQFF_HomoSapiens:A*02__YLDELIRNT__A2ML1-K7R,CASSALAGGYNEQFF_HomoSapiens:A*02__YTSEILSPI__KIF20B-S6L,CASSALAGGYNEQFF_HomoSapiens:A*02__YVNELVVFV__OR8B8,CASSPLAGGYNEQFF_EBV:NA__NA__NA",Cross-species,"EBV,A2ML1-K7R,KIF20B-S6L,OR8B8",#FFDF01
75,HLA-A*02,5,6,255,"CASSLSGNEQFF_IOKINBlood:LIB-25-0009_T0,CASSLSGYEQYF_IOKINBlood:LIB-25-0017_T5",2,2,"LIB-25-0009,LIB-25-0017","Larynx,OralCavity",PR,TBD,"CASSLSGAEAFF_HomoSapiens:A*02:01__EAAGIGILTV-orNLSALGIFST__MelanA-orIMP2,CASSLSGDEQYF_YFV:A*02__LLWNGPMAV__YFV-LLW",Cross-species,"MelanA-orIMP2,YFV",#FFDF01
246,HLA-A*02,5,44,5,"CASSLGTGAYEQYF_IOKINBlood:LIB-25-0001_T2,CASSPGTGAYEQYF_IOKINBlood:LIB-25-0017_T6",2,2,"LIB-25-0001,LIB-25-0017",OralCavity,"PD,PR",TBD,"CASSGGTGAYEQYF_YFV:A*02__LLWNGPMAV__YFV-LLW,CASSSGTGAYEQYF_HomoSapiens:A*02__HIAKSPFEV__FLNA",Cross-species,"FLNA,YFV",#FFDF01
337,HLA-A*02,5,9,252,CASSSGGGTEAFF_IOKINBlood:LIB-25-0002_T3,1,1,LIB-25-0002,Oropharynx,LongTerm SD,Positive,"CASSQGGGTEAFF_YFV:A*02__LLWNGPMAV__YFV-LLW,CASSRGGGTEAFF_HomoSapiens:A*02__ILTGLNYEA-orILTGLNYEV__NSDHL-orNSDHL-A9V",Cross-species,"NSDHL-orNSDHL-A9V,YFV",#FFDF01
252,HLA-A*02-orHLA-B*08:01,9,45,9,"CASSQLNTEAFF_IOKINBlood:LIB-25-0001_T1,CASSSLNTEAFF_IOKINBlood:LIB-25-0013_T5",2,2,"LIB-25-0001,LIB-25-0013","OralCavity,Oropharynx","LongTerm SD,PD","Positive,TBD","CASSPLNTEAFF_HomoSapiens:A*02:01__FLYNLLTRV__SEC24A-P469L,CASSSLNTEAFF_EBV:B*08:01__RAKFKQLL__BZLF1,CASSWLNTEAFF_HomoSapiens:A*02__FMLYLLTLM__OR14C36-V6L",Cross-species,"EBV,SEC24A-P469L,OR14C36-V6L",#FFDF01
1,HLA-A*02:01,69,1,69,"CASSFSRANTIYF_IOKINBlood:LIB-25-0013_T6,CASSRANDDRETQYF_IOKINBlood:LIB-25-0012_T2",2,2,"LIB-25-0012,LIB-25-0013","OralCavity,Oropharynx","CR,LongTerm SD","Positive,TBD","CAISADNCIQSRANVLTF_MCPyV:A*02:01__KLLEIAPNC__T-Ag,CARTESRQSRANVLTF_MCPyV:A*02:01__KLLEIAPNC__T-Ag,CASNRGSTQSRANVLTF_MCPyV:A*02:01__KLLEIAPNC__T-Ag,CASRCLVLQQSRANVLTF_MCPyV:A*02:01__KLLEIAPNC__T-Ag,CASRGLLAQQSRANVLTF_MCPyV:A*02:01__KLLEIAPNC__T-Ag,CASSAEVTNHQSRANVLTF_MCPyV:A*02:01__KLLEIAPNC__T-Ag,CASSDRPRIAQSRANVLTF_MCPyV:A*02:01__KLLEIAPNC__T-Ag,CASSDSRANTGELFF_CMV:A*02:01__NLVPMVATV__pp65,CASSEGKTKSQSRANVLTF_MCPyV:A*02:01__KLLEIAPNC__T-Ag,CASSGRLQQSRANVLTF_MCPyV:A*02:01__KLLEIAPNC__T-Ag,CASSGVKRSHKSRANVLTF_MCPyV:A*02:01__KLLEIAPNC__T-Ag,CASSNPQRIAQSRANVLTF_MCPyV:A*02:01__KLLEIAPNC__T-Ag,CASSPALATTSRANVLTF_MCPyV:A*02:01__KLLEIAPNC__T-Ag,CASSSCMDIYKSRANVLTF_MCPyV:A*02:01__KLLEIAPNC__T-Ag,CASSSTLKSQSRANVLTF_MCPyV:A*02:01__KLLEIAPNC__T-Ag,CPGRRARKRTSRANVLTF_MCPyV:A*02:01__KLLEIAPNC__T-Ag,CPGSRLGSEQSRANVLTF_MCPyV:A*02:01__KLLEIAPNC__T-Ag,CPGSRYGSEQSRANVLTF_MCPyV:A*02:01__KLLEIAPNC__T-Ag",Cross-species,"CMV,MCPyV",#FFDF01
9,HLA-DPA1*01,16,6,255,"CANSADSYEQYF_IOKINBlood:LIB-25-0017_T5,CASSLDSYEQYF_IOKINBlood:LIB-25-0001_T4,CASSSDSYEQYF_IOKINBlood:LIB-25-0017_T6,CASSVDSYEQYF_IOKINBlood:LIB-25-0002_T5,CASSWDSYEQYF_IOKINBlood:LIB-25-0017_T6",5,3,"LIB-25-0001,LIB-25-0002,LIB-25-0017","OralCavity,Oropharynx","LongTerm SD,PD,PR","Positive,TBD",,HNSCC,HNSCC,#CDEDFA
26,HLA-DQA1*01-orHLA-DQB1*05,11,9,252,"CASSLAGNTEAFF_IOKINBlood:LIB-25-0002_T2,CASSLDGNTEAFF_IOKINBlood:LIB-25-0018_T3,CASSLEGNTEAFF_IOKINBlood:LIB-25-0002_T5,CASSLGGNTEAFF_IOKINBlood:LIB-25-0018_T2,CASSLQGNTEAFF_IOKINBlood:LIB-25-0018_T4,CASSLVGNTEAFF_IOKINBlood:LIB-25-0018_T6,CASSLYGNTEAFF_IOKINBlood:LIB-25-0012_T3,CATSLTGNTEAFF_IOKINBlood:LIB-25-0018_T5",8,3,"LIB-25-0002,LIB-25-0012,LIB-25-0018","Hypopharynx,OralCavity,Oropharynx","CR,LongTerm SD,PR","Positive,TBD",,HNSCC,HNSCC,#CDEDFA
187,HLA-DPA1*01-orHLA-DQA1*03-orHLA-DQB1*03,9,3,219,"CASSAYNEQFF_IOKINBlood:LIB-25-0001_T2,CASSDYNEQFF_IOKINBlood:LIB-25-0002_T3,CASSEYNEQFF_IOKINBlood:LIB-25-0018_T2,CASSPYNEQFF_IOKINBlood:LIB-25-0003_T0-T1-T3-T4-T6,CASSPYNEQFF_IOKINBlood:LIB-25-0013_T3-T6,CASSPYNEQFF_IOKINBlood:LIB-25-0018_T5,CASSSYNEQFF_IOKINBlood:LIB-25-0018_T5",7,5,"LIB-25-0001,LIB-25-0002,LIB-25-0003,LIB-25-0013,LIB-25-0018","Hypopharynx,OralCavity,Oropharynx","LongTerm SD,PD,PR","Positive,TBD",,HNSCC,HNSCC,#CDEDFA
10,HLA-A*02-orHLA-B*44-orHLA-C*04-orHLA-DPA1*01:03,8,7,8,"CASSLTSGSTDTQYF_IOKINBlood:LIB-25-0017_T3,CASSPTSGSTDTQYF_IOKINBlood:LIB-25-0001_T2,CASSRTSGSTDTQYF_IOKINBlood:LIB-25-0018_T2,CASSYTSGSTDTQYF_IOKINBlood:LIB-25-0009_T5,CAWSVTSGSTDTQYF_IOKINBlood:LIB-25-0002_T4",5,5,"LIB-25-0001,LIB-25-0002,LIB-25-0009,LIB-25-0017,LIB-25-0018","Hypopharynx,Larynx,OralCavity,Oropharynx","LongTerm SD,PD,PR","Positive,TBD",,HNSCC,HNSCC,#CDEDFA
86,HLA-A*02-orHLA-C*04-orHLA-DPA1*01,8,27,14,"CASSAYEQYF_IOKINBlood:LIB-25-0017_T1,CASSLYEQYF_IOKINBlood:LIB-25-0018_T3,CSASNYEQYF_IOKINBlood:LIB-25-0001_T1,LEGSSYEQYV_IOKINBlood:LIB-25-0002_T3",4,4,"LIB-25-0001,LIB-25-0002,LIB-25-0017,LIB-25-0018","Hypopharynx,OralCavity,Oropharynx","LongTerm SD,PD,PR","Positive,TBD",,HNSCC,HNSCC,#CDEDFA
87,HLA-B*44-orHLA-DPA1*01-orHLA-DQA1*03-orHLA-DQB1*03,8,26,37,"CASSLAGSNQPQHF_IOKINBlood:LIB-25-0009_T6,CASSLQGSNQPQHF_IOKINBlood:LIB-25-0018_T1-T3-T4-T5-T6,CASSLSGSNQPQHF_IOKINBlood:LIB-25-0003_T0,CASSRQGSNQPQHF_IOKINBlood:LIB-25-0001_T2,RASSLQGSNQPQHF_IOKINBlood:LIB-25-0018_T4",5,4,"LIB-25-0001,LIB-25-0003,LIB-25-0009,LIB-25-0018","Hypopharynx,Larynx,OralCavity,Oropharynx","PD,PR","Positive,TBD",,HNSCC,HNSCC,#CDEDFA
272,HLA-B*44-orHLA-DPA1*01,8,47,8,"CASSGNYGYTF_IOKINBlood:LIB-25-0012_T5,CASSSNYGYTF_IOKINBlood:LIB-25-0001_T3,CAWSVNYGYTF_IOKINBlood:LIB-25-0018_T5,CSGSENYGYTF_IOKINBlood:LIB-25-0017_T2,CSVSINYGYTF_IOKINBlood:LIB-25-0009_T5",5,5,"LIB-25-0001,LIB-25-0009,LIB-25-0012,LIB-25-0017,LIB-25-0018","Hypopharynx,Larynx,OralCavity","CR,PD,PR",TBD,,HNSCC,HNSCC,#CDEDFA
25,HLA-DPA1*01,7,9,252,"CASSAQGNTEAFF_IOKINBlood:LIB-25-0001_T0-T4,CASSFQGNTEAFF_IOKINBlood:LIB-25-0002_T4,CASSQQGNTEAFF_IOKINBlood:LIB-25-0001_T3,CASSYQGNTEAFF_IOKINBlood:LIB-25-0001_T3,CSASTQGNTEAFF_IOKINBlood:LIB-25-0017_T5",5,3,"LIB-25-0001,LIB-25-0002,LIB-25-0017","OralCavity,Oropharynx","LongTerm SD,PD,PR","Positive,TBD",,HNSCC,HNSCC,#CDEDFA
116,HLA-DPA1*01-orHLA-DQB1*03,7,31,13,"CASSAGGNQPQHF_IOKINBlood:LIB-25-0003_T3,CASSFGGNQPQHF_IOKINBlood:LIB-25-0018_T1,CASSLGGNQPQHF_IOKINBlood:LIB-25-0013_T2,CASSRGGNQPQHF_IOKINBlood:LIB-25-0002_T0-T3-T6,CASSRGGNQPQQF_IOKINBlood:LIB-25-0002_T0,CSASGGGNQPQHF_IOKINBlood:LIB-25-0001_T4",6,5,"LIB-25-0001,LIB-25-0002,LIB-25-0003,LIB-25-0013,LIB-25-0018","Hypopharynx,OralCavity,Oropharynx","LongTerm SD,PD,PR","Positive,TBD",,HNSCC,HNSCC,#CDEDFA
36,HLA-DPA1*01-orHLA-DQA1*05,6,9,252,"CASSLEQNTEAFF_IOKINBlood:LIB-25-0009_T5,CASSLGQNTEAFF_IOKINBlood:LIB-25-0001_T4,CASSLIQNTEAFF_IOKINBlood:LIB-25-0017_T5,CASSLSQNTEAFF_IOKINBlood:LIB-25-0009_T4",4,3,"LIB-25-0001,LIB-25-0009,LIB-25-0017","Larynx,OralCavity","PD,PR",TBD,,HNSCC,HNSCC,#CDEDFA
66,HLA-B*13-orHLA-C*06,6,21,6,"CASSAGTGGTEAFF_IOKINBlood:LIB-25-0009_T6,CASSSGTGGTEAFF_IOKINBlood:LIB-25-0017_T5,CASSTGTGGTEAFF_IOKINBlood:LIB-25-0003_T4,CASSWGTGGTEAFF_IOKINBlood:LIB-25-0012_T3",4,4,"LIB-25-0003,LIB-25-0009,LIB-25-0012,LIB-25-0017","Larynx,OralCavity,Oropharynx","CR,PD,PR","Positive,TBD",,HNSCC,HNSCC,#CDEDFA
106,HLA-A*02:01-orHLA-B*35-orHLA-DPA1*01-orHLA-DQA1*05,6,6,255,"CASSLSSYEQYF_IOKINBlood:LIB-25-0017_T6,CASSPSSYEQYF_IOKINBlood:LIB-25-0001_T3,CASSPSSYEQYF_IOKINBlood:LIB-25-0013_T5,CSASDSSYEQYF_IOKINBlood:LIB-25-0018_T6",4,4,"LIB-25-0001,LIB-25-0013,LIB-25-0017,LIB-25-0018","Hypopharynx,OralCavity,Oropharynx","LongTerm SD,PD,PR","Positive,TBD",,HNSCC,HNSCC,#CDEDFA
131,Divergent,6,6,255,"CASSSASYEQYF_IOKINBlood:LIB-25-0002_T2-T4-T6,CASSSISYEQYF_IOKINBlood:LIB-25-0001_T4,CASSSNSYEQYF_IOKINBlood:LIB-25-0012_T2,CASSSQSYEQYF_IOKINBlood:LIB-25-0013_T2,CASSSTSYEQFF_IOKINBlood:LIB-25-0001_T4-T5-T6",5,4,"LIB-25-0001,LIB-25-0002,LIB-25-0012,LIB-25-0013","OralCavity,Oropharynx","CR,LongTerm SD,PD","Positive,TBD",,HNSCC,HNSCC,#CDEDFA
191,HLA-DPA1*01,6,3,219,"CASSFGNTIYF_IOKINBlood:LIB-25-0001_T1,CASSLGNTIYF_IOKINBlood:LIB-25-0017_T6,CASSQGNTIYF_IOKINBlood:LIB-25-0002_T0,CASSVGNTIYF_IOKINBlood:LIB-25-0001_T2",4,3,"LIB-25-0001,LIB-25-0002,LIB-25-0017","OralCavity,Oropharynx","LongTerm SD,PD,PR","Positive,TBD",,HNSCC,HNSCC,#CDEDFA
238,Divergent,6,16,21,"CASSEGGTDTQYF_IOKINBlood:LIB-25-0012_T2-T3-T4-T6,CASSGGGTDTQYF_IOKINBlood:LIB-25-0009_T5,CASSTGGTDTQYF_IOKINBlood:LIB-25-0017_T0",3,3,"LIB-25-0009,LIB-25-0012,LIB-25-0017","Larynx,OralCavity","CR,PR",TBD,,HNSCC,HNSCC,#CDEDFA
48,Divergent,5,16,21,"CAGSRSGTDTQYF_IOKINBlood:LIB-25-0012_T5,CASSDSGTDTQYF_IOKINBlood:LIB-25-0009_T1,CASSYSGTDTQYF_IOKINBlood:LIB-25-0012_T5",3,2,"LIB-25-0009,LIB-25-0012","Larynx,OralCavity","CR,PR",TBD,,HNSCC,HNSCC,#CDEDFA
95,HLA-DPA1*01,5,29,5,"CASSLGGSGNTIYF_IOKINBlood:LIB-25-0017_T5,CASSLGQSGNTIYF_IOKINBlood:LIB-25-0001_T3,CASSLGSSGNTIYF_IOKINBlood:LIB-25-0002_T0-T4,CASSLGTSGNTIYF_IOKINBlood:LIB-25-0002_T4",4,3,"LIB-25-0001,LIB-25-0002,LIB-25-0017","OralCavity,Oropharynx","LongTerm SD,PD,PR","Positive,TBD",,HNSCC,HNSCC,#CDEDFA
138,Divergent,5,3,219,"CASSISRELFF_IOKINBlood:LIB-25-0012_T1-T3-T6,CASSSSREAFF_IOKINBlood:LIB-25-0009_T4,CASSSSREQYF_IOKINBlood:LIB-25-0017_T4",3,3,"LIB-25-0009,LIB-25-0012,LIB-25-0017","Larynx,OralCavity","CR,PR",TBD,,HNSCC,HNSCC,#CDEDFA
164,Divergent,5,3,219,"CASRGSYEQYF_IOKINBlood:LIB-25-0017_T6,CASRGSYEQYF_IOKINBlood:LIB-25-0018_T3,CATQGSYEQYF_IOKINBlood:LIB-25-0012_T3,CFDEGSYEQYF_IOKINBlood:LIB-25-0017_T5",4,3,"LIB-25-0012,LIB-25-0017,LIB-25-0018","Hypopharynx,OralCavity","CR,PR",TBD,,HNSCC,HNSCC,#CDEDFA
253,Divergent,5,16,21,"CASSLDSTDTQYF_IOKINBlood:LIB-25-0012_T0,CASSLPSTDTQYF_IOKINBlood:LIB-25-0018_T5,CASSLVSTDTQYF_IOKINBlood:LIB-25-0017_T4",3,3,"LIB-25-0012,LIB-25-0017,LIB-25-0018","Hypopharynx,OralCavity","CR,PR",TBD,,HNSCC,HNSCC,#CDEDFA
182,HLA-A*01-orHLA-B*13-orHLA-C*06-orHLA-DPA1*02:01-orHLA-DQA1*02-orHLA-DQB1*02:02-orHLA-DRB1*07:01,6,39,6,"CASSPDGNYGYTF_IOKINBlood:LIB-25-0017_T2,CASSPRGNYGYTF_IOKINBlood:LIB-25-0012_T3",2,2,"LIB-25-0012,LIB-25-0017",OralCavity,"CR,PR",TBD,,HNSCC,HNSCC,#CDEDFA
281,HLA-A*01-orHLA-DPA1*01-orHLA-DPA1*02:01-orHLA-DQA1*05,5,6,255,"CASSLAGGEQFF_IOKINBlood:LIB-25-0017_T6,CASSLAGHEAFF_IOKINBlood:LIB-25-0001_T0",2,2,"LIB-25-0001,LIB-25-0017",OralCavity,"PD,PR",TBD,,HNSCC,HNSCC,#CDEDFA
22,HLA-A*01-orHLA-DPA1*02:01,7,12,7,"CASSLAQGAGEAFF_IOKINBlood:LIB-25-0001_T0-T4,CASSLAQGAGEQYF_IOKINBlood:LIB-25-0017_T0,CASSLEQGAGEQYF_IOKINBlood:LIB-25-0017_T2,CASSLGQGAGEQYF_IOKINBlood:LIB-25-0017_T0,CASSLLQGAGEQYF_IOKINBlood:LIB-25-0001_T5",5,2,"LIB-25-0001,LIB-25-0017",OralCavity,"PD,PR",TBD,,HNSCC,HNSCC,#CDEDFA
169,HLA-A*01:01-orHLA-DPA1*02:01-or,6,3,219,"CARSLKNEQFF_IOKINBlood:LIB-25-0017_T1,CASSLLNEQFF_IOKINBlood:LIB-25-0002_T3,CASSLLNEQFF_IOKINBlood:LIB-25-0012_T6,CASSLTNEQFF_IOKINBlood:LIB-25-0001_T0",4,4,"LIB-25-0001,LIB-25-0002,LIB-25-0012,LIB-25-0017","OralCavity,Oropharynx","CR,LongTerm SD,PD,PR","Positive,TBD",,HNSCC,HNSCC,#CDEDFA
61,HLA-A*02,14,6,255,"CASSGDGYEQYF_IOKINBlood:LIB-25-0017_T3,CASSLDGYEQYF_IOKINBlood:LIB-25-0018_T6",2,2,"LIB-25-0017,LIB-25-0018","Hypopharynx,OralCavity",PR,TBD,,HNSCC,HNSCC,#CDEDFA
363,HLA-A*02-orHLA-B*08-orHLA-C*07-orHLA-DPA1*01:03-orHLA-DPB1*03:01-orHLA-DPB1*04,5,6,255,"CASSRGTGELFF_IOKINBlood:LIB-25-0013_T0-T2,CASSSGTGELFF_IOKINBlood:LIB-25-0002_T6",2,2,"LIB-25-0002,LIB-25-0013",Oropharynx,LongTerm SD,Positive,,HNSCC,HNSCC,#CDEDFA
287,HLA-A*02-orHLA-B*35-orHLA-DPB1*04:01-orHLA-DQA1*03-orHLA-DQA1*05-orHLA-DQB1*03,5,49,5,"CASSLGEQETQYF_IOKINBlood:LIB-25-0001_T4,CASSLGIQETQYF_IOKINBlood:LIB-25-0013_T6,CASSLGQQETQYF_IOKINBlood:LIB-25-0018_T6,CASSLGSQETQYF_IOKINBlood:LIB-25-0017_T0",4,4,"LIB-25-0001,LIB-25-0013,LIB-25-0017,LIB-25-0018","Hypopharynx,OralCavity,Oropharynx","LongTerm SD,PD,PR","Positive,TBD",,HNSCC,HNSCC,#CDEDFA
84,HLA-A*02-orHLA-DPA1*01:03,9,26,37,"CASSIGGSNQPQHF_IOKINBlood:LIB-25-0009_T0,CASSIGGSNQPQQF_IOKINBlood:LIB-25-0009_T0,CASSLGGSNQPQHF_IOKINBlood:LIB-25-0009_T2,CASSMGGSNQPQHF_IOKINBlood:LIB-25-0017_T5",4,2,"LIB-25-0009,LIB-25-0017","Larynx,OralCavity",PR,TBD,,HNSCC,HNSCC,#CDEDFA
155,HLA-A*02-orHLA-DPA1*01:03,5,16,21,"CASSPGSTDTQYF_IOKINBlood:LIB-25-0009_T0,CASSPSSTDTQYF_IOKINBlood:LIB-25-0002_T0,CASSPVSTDTQYF_IOKINBlood:LIB-25-0018_T1",3,3,"LIB-25-0002,LIB-25-0009,LIB-25-0018","Hypopharynx,Larynx,Oropharynx","LongTerm SD,PR","Positive,TBD",,HNSCC,HNSCC,#CDEDFA
358,HLA-A*02-orHLA-DPA1*01:03-orHLA-DPB1*04-orHLA-DQB1*03,5,37,23,"CASSEGQGTDTQYF_IOKINBlood:LIB-25-0003_T6,CASSLGQGTDTQYF_IOKINBlood:LIB-25-0002_T1,CASSPGQGTDTQYF_IOKINBlood:LIB-25-0018_T6,CASSTGQGTDTQYF_IOKINBlood:LIB-25-0013_T0",4,4,"LIB-25-0002,LIB-25-0003,LIB-25-0013,LIB-25-0018","Hypopharynx,Oropharynx","LongTerm SD,PD,PR","Positive,TBD",,HNSCC,HNSCC,#CDEDFA
288,HLA-A*02-orHLA-DPA1*01:03-orHLA-DPB1*04:01,7,50,7,"CASSRGGQETQYF_IOKINBlood:LIB-25-0017_T3,CASSRGGQETQYF_IOKINBlood:LIB-25-0018_T5",2,2,"LIB-25-0017,LIB-25-0018","Hypopharynx,OralCavity",PR,TBD,,HNSCC,HNSCC,#CDEDFA
236,HLA-A*02-orHLA-DPA1*01:03-orHLA-DQA1*05,5,6,255,"CASSLGGNTIYF_IOKINBlood:LIB-25-0017_T1,CASSLYGNTIYF_IOKINBlood:LIB-25-0009_T2",2,2,"LIB-25-0009,LIB-25-0017","Larynx,OralCavity",PR,TBD,,HNSCC,HNSCC,#CDEDFA
213,HLA-A*02:01-orHLA-B*08:01-orHLA-C*07:01-orHLA-DPA1*01:03,6,42,6,"CAISLGEYNEQFF_IOKINBlood:LIB-25-0017_T3,CASSLGTYNEQFF_IOKINBlood:LIB-25-0002_T0",2,2,"LIB-25-0002,LIB-25-0017","OralCavity,Oropharynx","LongTerm SD,PR","Positive,TBD",,HNSCC,HNSCC,#CDEDFA
378,HLA-A*02:01-orHLA-B*08:01-orHLA-C*07:01-orHLA-DPA1*01:03-orHLA-DPB1*03:01-orHLA-DPB1*04,5,6,255,"CAWSGGNTEAFF_IOKINBlood:LIB-25-0002_T6,CSAEGGNTEAFF_IOKINBlood:LIB-25-0013_T3,CSGLGGNTEAFF_IOKINBlood:LIB-25-0002_T5",3,2,"LIB-25-0002,LIB-25-0013",Oropharynx,LongTerm SD,Positive,,HNSCC,HNSCC,#CDEDFA
195,HLA-A*02:01-orHLA-B*08:01-orHLA-C*07:01-orHLA-DPA1*01:03-orHLA-DPB1*04,5,40,5,"CASSLEGNGYTF_IOKINBlood:LIB-25-0017_T0,CASSLQGNGYTF_IOKINBlood:LIB-25-0002_T4",2,2,"LIB-25-0002,LIB-25-0017","OralCavity,Oropharynx","LongTerm SD,PR","Positive,TBD",,HNSCC,HNSCC,#CDEDFA
136,HLA-A*02:01-orHLA-B*08:01-orHLA-C*07:01-orHLA-DPA1*01:03-orHLA-DPB1*04:01-orHLA-DQA1*05,5,33,16,"CASSRLNQPQHF_IOKINBlood:LIB-25-0017_T1-T3-T4-T5-T6,CASSRLNQPQQF_IOKINBlood:LIB-25-0017_T1,CASSSLNQPQHF_IOKINBlood:LIB-25-0013_T4-T6,CATSDLNQPQHF_IOKINBlood:LIB-25-0017_T0-T3-T6",4,2,"LIB-25-0013,LIB-25-0017","OralCavity,Oropharynx","LongTerm SD,PR","Positive,TBD",,HNSCC,HNSCC,#CDEDFA
28,HLA-A*02:01-orHLA-DPA1*01:03,6,13,6,"CASSLEGRETQYF_IOKINBlood:LIB-25-0013_T3-T5,CASSLGGRETQYF_IOKINBlood:LIB-25-0002_T1,CASSLIGRETQYF_IOKINBlood:LIB-25-0018_T3,CASSLQGRETQYF_IOKINBlood:LIB-25-0013_T6,CASSLRGRETQYF_IOKINBlood:LIB-25-0013_T3",5,3,"LIB-25-0002,LIB-25-0013,LIB-25-0018","Hypopharynx,Oropharynx","LongTerm SD,PR","Positive,TBD",,HNSCC,HNSCC,#CDEDFA
124,HLA-A*02:01-orHLA-DPA1*01:03-orHLA-DPB1*04:01,5,9,252,"CASSPGQDYGYTF_IOKINBlood:LIB-25-0018_T2-T3-T4,CASSPGQFYGYTF_IOKINBlood:LIB-25-0017_T5,CASSPGQSYGYTF_IOKINBlood:LIB-25-0013_T1",3,3,"LIB-25-0013,LIB-25-0017,LIB-25-0018","Hypopharynx,OralCavity,Oropharynx","LongTerm SD,PR","Positive,TBD",,HNSCC,HNSCC,#CDEDFA
78,HLA-B*35-orHLA-B*44-orHLA-C*04:01-orHLA-DPA1*01:04-orHLA-DPB1*15:01-orHLA-DQB1*03:01-orHLA-DRB1*04,5,24,5,"CASSPPGQGYEQYF_IOKINBlood:LIB-25-0018_T4,CASSPPGQIYEQYF_IOKINBlood:LIB-25-0018_T2,CASSPPGQNYEQYF_IOKINBlood:LIB-25-0001_T0,YASSPPGQIYEQYF_IOKINBlood:LIB-25-0018_T2",4,2,"LIB-25-0001,LIB-25-0018","Hypopharynx,OralCavity","PD,PR",TBD,,HNSCC,HNSCC,#CDEDFA
180,HLA-B*44-orHLA-DQB1*03:01,6,31,13,"CASSLRGNQPQHF_IOKINBlood:LIB-25-0001_T3-T5,CASSNRGNQPQHF_IOKINBlood:LIB-25-0009_T0,CASSPRGNQPQHF_IOKINBlood:LIB-25-0009_T3,CASSSRGNQPQHF_IOKINBlood:LIB-25-0009_T6,CASSYRGNQPQHF_IOKINBlood:LIB-25-0018_T0-T4",5,3,"LIB-25-0001,LIB-25-0009,LIB-25-0018","Hypopharynx,Larynx,OralCavity","PD,PR",TBD,,HNSCC,HNSCC,#CDEDFA
193,HLA-C*04:01,7,59,7,"CASSPGQGGYGYTF_IOKINBlood:LIB-25-0001_T4,CASSPGQGSYGYTF_IOKINBlood:LIB-25-0002_T2-T3-T4-T6,CASSPGQGSYGYTF_IOKINBlood:LIB-25-0018_T4",3,3,"LIB-25-0001,LIB-25-0002,LIB-25-0018","Hypopharynx,OralCavity,Oropharynx","LongTerm SD,PD,PR","Positive,TBD",,HNSCC,HNSCC,#CDEDFA
382,HLA-C*04:01-orHLA-DPA1*01,5,56,5,"CASSLAGSSYNEQFF_IOKINBlood:LIB-25-0002_T4,CASSLIGSSYNEQFF_IOKINBlood:LIB-25-0001_T5,CASSLSGSSYNEQFF_IOKINBlood:LIB-25-0018_T4",3,3,"LIB-25-0001,LIB-25-0002,LIB-25-0018","Hypopharynx,OralCavity,Oropharynx","LongTerm SD,PD,PR","Positive,TBD",,HNSCC,HNSCC,#CDEDFA
232,HLA-DPA1*01-orHLA-DPA1*02:01-orHLA-DQA1*03:01-orHLA-DQB1*03:02-orHLA-DRB1*04,5,43,5,"CASSPGTAYNEQFF_IOKINBlood:LIB-25-0003_T0,CASSPGTRYNEQFF_IOKINBlood:LIB-25-0001_T0",2,2,"LIB-25-0001,LIB-25-0003","OralCavity,Oropharynx",PD,"Positive,TBD",,HNSCC,HNSCC,#CDEDFA
60,HLA-DPA1*01:03,11,3,219,"CASSGTDTQYF_IOKINBlood:LIB-25-0017_T4,CASSGTDTQYF_IOKINBlood:LIB-25-0018_T0,CASSLTDTQYF_IOKINBlood:LIB-25-0002_T6,CASSLTDTQYF_IOKINBlood:LIB-25-0009_T1,CASSLTDTQYF_IOKINBlood:LIB-25-0017_T4,CASSSTDTQYF_IOKINBlood:LIB-25-0018_T5,CATSSTDTQYF_IOKINBlood:LIB-25-0003_T3",7,5,"LIB-25-0002,LIB-25-0003,LIB-25-0009,LIB-25-0017,LIB-25-0018","Hypopharynx,Larynx,OralCavity,Oropharynx","LongTerm SD,PD,PR","Positive,TBD",,HNSCC,HNSCC,#CDEDFA
69,HLA-DPA1*01:03,9,23,9,"CASSDSSYNEQFF_IOKINBlood:LIB-25-0017_T1-T6,CASSESSYNEQFF_IOKINBlood:LIB-25-0017_T4,CASSGSSYNEQFF_IOKINBlood:LIB-25-0003_T5,CASSLSSYNEQFF_IOKINBlood:LIB-25-0018_T6,CASSRSSYNEQFF_IOKINBlood:LIB-25-0002_T6,CASSSSSYNEQFF_IOKINBlood:LIB-25-0017_T4,CASSVSSYNEQFF_IOKINBlood:LIB-25-0009_T0,CAWSSSSYNEQFF_IOKINBlood:LIB-25-0017_T6",8,5,"LIB-25-0002,LIB-25-0003,LIB-25-0009,LIB-25-0017,LIB-25-0018","Hypopharynx,Larynx,OralCavity,Oropharynx","LongTerm SD,PD,PR","Positive,TBD",,HNSCC,HNSCC,#CDEDFA
293,HLA-DPA1*01:03,8,9,252,"CASSGQLNTEAFF_IOKINBlood:LIB-25-0003_T0,CASSGQLNTEAFF_IOKINBlood:LIB-25-0017_T3,CASSGQVNTEAFF_IOKINBlood:LIB-25-0009_T0,CASVGQLNTEAFF_IOKINBlood:LIB-25-0017_T3,CSASGQLNTEAFF_IOKINBlood:LIB-25-0002_T3",5,4,"LIB-25-0002,LIB-25-0003,LIB-25-0009,LIB-25-0017","Larynx,OralCavity,Oropharynx","LongTerm SD,PD,PR","Positive,TBD",,HNSCC,HNSCC,#CDEDFA
137,HLA-DPA1*01:03,6,9,252,"CASSLGRGYEQYF_IOKINBlood:LIB-25-0003_T3,CASSLRRGYEQYF_IOKINBlood:LIB-25-0009_T6,CSASLTRGYEQYF_IOKINBlood:LIB-25-0002_T6",3,3,"LIB-25-0002,LIB-25-0003,LIB-25-0009","Larynx,Oropharynx","LongTerm SD,PD,PR","Positive,TBD",,HNSCC,HNSCC,#CDEDFA
162,HLA-DPA1*01:03,6,37,23,"CASSLAGSTDTQYF_IOKINBlood:LIB-25-0003_T3,CASSLAGSTDTQYF_IOKINBlood:LIB-25-0018_T6,CASSLGGSTDTQYF_IOKINBlood:LIB-25-0002_T0,CASSLGGSTDTQYF_IOKINBlood:LIB-25-0013_T4",4,4,"LIB-25-0002,LIB-25-0003,LIB-25-0013,LIB-25-0018","Hypopharynx,Oropharynx","LongTerm SD,PD,PR","Positive,TBD",,HNSCC,HNSCC,#CDEDFA
150,HLA-DPA1*01:03,5,9,252,"CASSLAGGNEQFF_IOKINBlood:LIB-25-0002_T3-T6,CASSLGGGNEQFF_IOKINBlood:LIB-25-0003_T4,CASSLVGGNEQFF_IOKINBlood:LIB-25-0003_T3",3,2,"LIB-25-0002,LIB-25-0003",Oropharynx,"LongTerm SD,PD",Positive,,HNSCC,HNSCC,#CDEDFA
160,HLA-DPA1*01:03,5,9,252,"CASSRDLNTEAFF_IOKINBlood:LIB-25-0002_T4,CASSRNLNTEAFF_IOKINBlood:LIB-25-0003_T4-T5",2,2,"LIB-25-0002,LIB-25-0003",Oropharynx,"LongTerm SD,PD",Positive,,HNSCC,HNSCC,#CDEDFA
222,HLA-DPA1*01:03,5,3,219,"CASSFVGEAFF_IOKINBlood:LIB-25-0003_T3,CASSGVGEQFF_IOKINBlood:LIB-25-0009_T1,CASSYVGEAFF_IOKINBlood:LIB-25-0017_T1",3,3,"LIB-25-0003,LIB-25-0009,LIB-25-0017","Larynx,OralCavity,Oropharynx","PD,PR","Positive,TBD",,HNSCC,HNSCC,#CDEDFA
197,HLA-DPA1*01:03-or,6,17,16,"CASSLDSNQPQHF_IOKINBlood:LIB-25-0003_T5,CASSQDSNQPQHF_IOKINBlood:LIB-25-0009_T4,CASSRDSNQPQHF_IOKINBlood:LIB-25-0013_T0-T5-T6",3,3,"LIB-25-0003,LIB-25-0009,LIB-25-0013","Larynx,Oropharynx","LongTerm SD,PD,PR","Positive,TBD",,HNSCC,HNSCC,#CDEDFA
276,HLA-DPA1*01:03-orHLA-DQA1*05:05-orHLA-DQB1*03:01,6,48,6,"CASSFGQGNTEAFF_IOKINBlood:LIB-25-0013_T0,CASSPGQGNTEAFF_IOKINBlood:LIB-25-0013_T0,CASSVGQGNTEAFF_IOKINBlood:LIB-25-0009_T3",3,2,"LIB-25-0009,LIB-25-0013","Larynx,Oropharynx","LongTerm SD,PR","Positive,TBD",,HNSCC,HNSCC,#CDEDFA
54,HLA-DPA1*01:03-orHLA-DQA1*05:05-orHLA-DQB1*03:01,5,18,5,"CSARDRDYEQYF_IOKINBlood:LIB-25-0009_T3,CSARDRDYEQYF_IOKINBlood:LIB-25-0013_T3,CSPRNRDYEQYF_IOKINBlood:LIB-25-0013_T4,WSPRNRDYEQYF_IOKINBlood:LIB-25-0013_T4",4,2,"LIB-25-0009,LIB-25-0013","Larynx,Oropharynx","LongTerm SD,PR","Positive,TBD",,HNSCC,HNSCC,#CDEDFA
151,HLA-DQA1*05,5,3,219,"CASSRRNEQFF_IOKINBlood:LIB-25-0001_T3,CASSRVNEQFF_IOKINBlood:LIB-25-0017_T6,CSASRLNEQFF_IOKINBlood:LIB-25-0009_T2",3,3,"LIB-25-0001,LIB-25-0009,LIB-25-0017","Larynx,OralCavity","PD,PR",TBD,,HNSCC,HNSCC,#CDEDFA
208,HLA-DQB1*03:01,8,2,27,"CASSLGGANTEAFF_IOKINBlood:LIB-25-0001_T2,CASSLGGLNTEAFF_IOKINBlood:LIB-25-0018_T3,CASSLGGMNTEAFF_IOKINBlood:LIB-25-0009_T6,CASSLGGWNTEAFF_IOKINBlood:LIB-25-0013_T6",4,4,"LIB-25-0001,LIB-25-0009,LIB-25-0013,LIB-25-0018","Hypopharynx,Larynx,OralCavity,Oropharynx","LongTerm SD,PD,PR","Positive,TBD",,HNSCC,HNSCC,#CDEDFA
39,Unknown,8,9,252,"CASSLERNTEAFF_IOKINBlood:LIB-25-0009_T4,CASSLWRNTEAFF_IOKINBlood:LIB-25-0009_T4",2,1,LIB-25-0009,Larynx,PR,TBD,,HNSCC,HNSCC,#CDEDFA
184,Unknown,8,26,37,CASSLGGGNQPQHF_IOKINBlood:LIB-25-0001_T0,1,1,LIB-25-0001,OralCavity,PD,TBD,,HNSCC,HNSCC,#CDEDFA
8,Unknown,6,5,6,"CASSPGQGREKLFF_IOKINBlood:LIB-25-0018_T4,CASSRGQGREKLFF_IOKINBlood:LIB-25-0018_T2-T5-T6",2,1,LIB-25-0018,Hypopharynx,PR,TBD,,HNSCC,HNSCC,#CDEDFA
57,Unknown,6,19,6,"CASSPDRGNQPQHF_IOKINBlood:LIB-25-0001_T6,CASSPDRGNQPQQF_IOKINBlood:LIB-25-0001_T6",2,1,LIB-25-0001,OralCavity,PD,TBD,,HNSCC,HNSCC,#CDEDFA
4,Unknown,5,4,5,"CANTIFSGPEAFF_IOKINBlood:LIB-25-0009_T2,CASTIFSGPEAFF_IOKINBlood:LIB-25-0009_T2,CASTIFSGPVAFF_IOKINBlood:LIB-25-0009_T2,RASTIFSGPEAFF_IOKINBlood:LIB-25-0009_T2",4,1,LIB-25-0009,Larynx,PR,TBD,,HNSCC,HNSCC,#CDEDFA
201,Unknown,5,41,5,CASSLGQASYEQYF_IOKINBlood:LIB-25-0001_T1,1,1,LIB-25-0001,OralCavity,PD,TBD,,HNSCC,HNSCC,#CDEDFA
205,Unknown,5,6,255,"CASSLGDNEQFF_IOKINBlood:LIB-25-0013_T2,CASSLGYNEQFF_IOKINBlood:LIB-25-0013_T0",2,1,LIB-25-0013,Oropharynx,LongTerm SD,Positive,,HNSCC,HNSCC,#CDEDFA
38,Divergent,6,9,252,CASSSGVNTEAFF_IOKINBlood:LIB-25-0001_T2,1,1,LIB-25-0001,OralCavity,PD,TBD,"CASSYGVNTEAFF_HomoSapiens:A*02__FIMGISILL__IL17RA-TM,CASSYGVNTEAFF_HomoSapiens:A*02__FMLYLVTLM-orFMLYLLTLM__OR14C36-orOR14C36-V6L",Human tumour and auto-antigens,"IL17RA-TM,OR14C36-orOR14C36-V6L",#FF9F01
92,Divergent,6,6,255,"CATSPSGETQYF_IOKINBlood:LIB-25-0012_T6,CAWSPRGETQYF_IOKINBlood:LIB-25-0001_T6",2,2,"LIB-25-0001,LIB-25-0012",OralCavity,"CR,PD",TBD,CASSPGGETQYF_HomoSapiens:A*0201__KTWGQYWQV__PMEL,Human tumour and auto-antigens,PMEL,#FF9F01
93,Divergent,6,6,255,"CAISEGAGELFF_IOKINBlood:LIB-25-0001_T2,CASSLGAGELFF_IOKINBlood:LIB-25-0001_T4,CAWSFGAGELFF_IOKINBlood:LIB-25-0012_T5",3,2,"LIB-25-0001,LIB-25-0012",OralCavity,"CR,PD",TBD,"CASSLGAGEQFF_HomoSapiens:A*02:01__AMFWSVPTV__TKT-R438W,CASSLGAGEQYF_HomoSapiens:A*02:01__AMFWSVPTV__TKT-R438W",Human tumour and auto-antigens,TKT-R438W,#FF9F01
254,Divergent,6,46,6,CASSGDRGELFF_IOKINBlood:LIB-25-0003_T3,1,1,LIB-25-0003,Oropharynx,PD,Positive,"CASSSDRGEQFF_HomoSapiens:A*02__ALSYTPVEV-orALSYTPAEV__C17orf75-orC17orf75-V7A,CASSSDRGEQFF_HomoSapiens:A*02__VMPFSIVYIV__HTR1F-10",Human tumour and auto-antigens,"C17orf75-orC17orf75-V7A,HTR1F-10",#FF9F01
271,Divergent,6,9,252,CSASSGRSYEQYF_IOKINBlood:LIB-25-0001_T6,1,1,LIB-25-0001,OralCavity,PD,TBD,CASSSGPSYEQYF_HomoSapiens:A*02:01__G280-9V__PMEL,Human tumour and auto-antigens,PMEL,#FF9F01
356,Divergent,6,27,14,"CASGDYEQYF_IOKINBlood:LIB-25-0013_T2,CAWGGYEQYF_IOKINBlood:LIB-25-0001_T4,CAWGTYEQYF_IOKINBlood:LIB-25-0012_T5",3,3,"LIB-25-0001,LIB-25-0012,LIB-25-0013","OralCavity,Oropharynx","CR,LongTerm SD,PD","Positive,TBD","CASGSYEQYF_HomoSapiens:A*02__LLAIKVPNV__DHX33-M4I,CSAGVYEQYF_HomoSapiens:A*02__NLNCCSVPV__GNL3L-R4C",Human tumour and auto-antigens,"DHX33-M4I,GNL3L-R4C",#FF9F01
103,Divergent,5,6,255,"CASSLGGWGYTF_IOKINBlood:LIB-25-0018_T5,CASSLGGYGYTF_IOKINBlood:LIB-25-0003_T6",2,2,"LIB-25-0003,LIB-25-0018","Hypopharynx,Oropharynx","PD,PR","Positive,TBD",CASSLGGPGAFF_HomoSapiens:A*02__LLFGMTPCL__MRM1,Human tumour and auto-antigens,MRM1,#FF9F01
105,Divergent,5,6,255,"CASSLTGGGYTF_IOKINBlood:LIB-25-0018_T5,CAWSLTGLGYTF_IOKINBlood:LIB-25-0012_T0",2,2,"LIB-25-0012,LIB-25-0018","Hypopharynx,OralCavity","CR,PR",TBD,CASSLTGYGYTF_HomoSapiens:A*02:01__G280-9V__PMEL,Human tumour and auto-antigens,PMEL,#FF9F01
109,Divergent,5,9,252,CASSPGTAYEQYF_IOKINBlood:LIB-25-0001_T0,1,1,LIB-25-0001,OralCavity,PD,TBD,"CASSPGTAYEQYF_HomoSapiens:A*02__KLWASPLHV__ATP6AP1-G3W,CASSPGTGYEQYF_HomoSapiens:A*02__KLWASPLHV__ATP6AP1-G3W,CASSPGTSYEQYF_HomoSapiens:A*02__ALYGSVPVL__GANAB",Human tumour and auto-antigens,"ATP6AP1-G3W,GANAB",#FF9F01
141,Divergent,5,9,252,CASSPGGAYEQYF_IOKINBlood:LIB-25-0012_T3,1,1,LIB-25-0012,OralCavity,CR,TBD,"CASSFGGAYEQYF_HomoSapiens:A*30:02-orB*15:01__VQIISCQY__MED13,CASSQGGAYEQYF_HomoSapiens:A*02:01__G280-9V__PMEL,CASSYGGAYEQYF_HomoSapiens:A*02__NLNCCSVPV__GNL3L-R4C",Human tumour and auto-antigens,"MED13,PMEL,GNL3L-R4C",#FF9F01
171,Divergent,5,38,5,CASSIGGVNTEAFF_IOKINBlood:LIB-25-0001_T1,1,1,LIB-25-0001,OralCavity,PD,TBD,"CASSIGPVNTEAFF_HomoSapiens:A*02:01__AMFWSVPTV__TKT-R438W,CASSIGPVNTEAFF_HomoSapiens:A*02:01__CLNEYHLFL__TMEM48-F169L,CASSIGPVNTEAFF_HomoSapiens:A*02:01__G280-9V__PMEL",Human tumour and auto-antigens,"TKT-R438W,TMEM48-F169L,PMEL",#FF9F01
273,Divergent,5,6,255,"CASSSGYNEQFF_IOKINBlood:LIB-25-0017_T1,CASSSPYNEQFF_IOKINBlood:LIB-25-0001_T0,CASSSYYNEQFF_IOKINBlood:LIB-25-0012_T2",3,3,"LIB-25-0001,LIB-25-0012,LIB-25-0017",OralCavity,"CR,PD,PR",TBD,CASSSGYNEQFF_HomoSapiens:A*02__VLLGVKLFGV__COL18A1-S8F,Human tumour and auto-antigens,COL18A1-S8F,#FF9F01
415,Divergent,5,61,5,CASSEGSGANVLTF_IOKINBlood:LIB-25-0002_T2-T3,1,1,LIB-25-0002,Oropharynx,LongTerm SD,Positive,"CASSQGSGANVLTF_HomoSapiens:A*02__ALYGSVPVL-orALYGFVPVL__GANAB-orGANAB-S5F,CASSWGSGANVLTF_HomoSapiens:C*12:03__YLRNLTWTL__KPNA2",Human tumour and auto-antigens,"GANAB-orGANAB-S5F,KPNA2",#FF9F01
6,HLA-A*02,20,3,219,"CAISLGNEQFF_IOKINBlood:LIB-25-0001_T0-T1-T3-T4-T5,CASSLGAEAFF_IOKINBlood:LIB-25-0018_T4,CASSLGDEQYV_IOKINBlood:LIB-25-0002_T4,CASSLGGEAFF_IOKINBlood:LIB-25-0001_T4,CASSLGGEAFF_IOKINBlood:LIB-25-0009_T3,CASSLGGEQFF_IOKINBlood:LIB-25-0013_T5,CASSLGGEQFF_IOKINBlood:LIB-25-0018_T6,CASSLGNEQFF_IOKINBlood:LIB-25-0002_T0-T2,CASSLGQEQYF_IOKINBlood:LIB-25-0001_T5,CASSLGTEAFF_IOKINBlood:LIB-25-0013_T4,CASSLGVEAFF_IOKINBlood:LIB-25-0002_T4,CASSLGYEQYF_IOKINBlood:LIB-25-0001_T6",12,5,"LIB-25-0001,LIB-25-0002,LIB-25-0009,LIB-25-0013,LIB-25-0018","Hypopharynx,Larynx,OralCavity,Oropharynx","LongTerm SD,PD,PR","Positive,TBD","CASSLGAEQYF_HomoSapiens:A*02__LLFGMTPCL__MRM1,CSASLGGEQFF_HomoSapiens:A*02:01__RMWDFDIFL__PDE7B-G113R",Human tumour and auto-antigens,"MRM1,PDE7B-G113R",#FF9F01
2,HLA-A*02,19,2,27,"CASSDDGMNTEAFF_IOKINBlood:LIB-25-0018_T2-T5-T6,CASSEDGMNTEAFF_IOKINBlood:LIB-25-0002_T0-T2-T3-T4-T6,CASSPDGMNTEAFF_IOKINBlood:LIB-25-0002_T5,CASSQDGMNTEAFF_IOKINBlood:LIB-25-0002_T0-T5",4,2,"LIB-25-0002,LIB-25-0018","Hypopharynx,Oropharynx","LongTerm SD,PR","Positive,TBD","CAGSQDGMNTEAFF_HomoSapiens:A*02__TMEM161A__TMEM161A,CAISEDGMNTEAFF_HomoSapiens:A*02__TMEM161A__TMEM161A,CASSADGMNTEAFF_HomoSapiens:A*02__TMEM161A__TMEM161A,CASSDDGMNTEAFF_HomoSapiens:A*02__TMEM161A__TMEM161A,CASSEDGMNTEAFF_HomoSapiens:A*02__TMEM161A__TMEM161A,CASSGDGMNTEAFF_HomoSapiens:A*02__TMEM161A__TMEM161A,CASSLDGMNTEAFF_HomoSapiens:A*02__TMEM161A__TMEM161A,CASSPDGMNTEAFF_HomoSapiens:A*02__TMEM161A__TMEM161A,CASSQDGMNTEAFF_HomoSapiens:A*02__TMEM161A__TMEM161A,CASSRDGMNTEAFF_HomoSapiens:A*02__TMEM161A__TMEM161A,CASSSDGMNTEAFF_HomoSapiens:A*02__TMEM161A__TMEM161A,CASSVDGMNTEAFF_HomoSapiens:A*02__TMEM161A__TMEM161A,CASSWDGMNTEAFF_HomoSapiens:A*02__TMEM161A__TMEM161A,CAWSPDGMNTEAFF_HomoSapiens:A*02__TMEM161A__TMEM161A",Human tumour and auto-antigens,TMEM161A,#FF9F01
33,HLA-A*02,15,6,255,"CASSLGGAEQFF_IOKINBlood:LIB-25-0002_T0,CASSLGGDEQYF_IOKINBlood:LIB-25-0001_T4,CASSLGGGEAFF_IOKINBlood:LIB-25-0001_T4,CASSLGGGEAFF_IOKINBlood:LIB-25-0017_T0,CASSLGGHEQYF_IOKINBlood:LIB-25-0002_T0,CASSLGGNEQYF_IOKINBlood:LIB-25-0017_T5,CASSLGGWEAFF_IOKINBlood:LIB-25-0017_T4,CASSLGGYEQFF_IOKINBlood:LIB-25-0017_T1,CASSLGGYEQYF_IOKINBlood:LIB-25-0018_T6",9,4,"LIB-25-0001,LIB-25-0002,LIB-25-0017,LIB-25-0018","Hypopharynx,OralCavity,Oropharynx","LongTerm SD,PD,PR","Positive,TBD","CASSLGGAEQFF_HomoSapiens:NA__NA__MAA,CASSLGGDEQYF_HomoSapiens:A*02__NLFNRYPAL__LCP1,CASSLGGNEQYF_HomoSapiens:A*02:01__AMFWSVPTV__TKT-R438W,CASSLGGTEAFF_HomoSapiens:A*02__KMVAVFYTT__OR5M3",Human tumour and auto-antigens,"MAA,LCP1,TKT-R438W,OR5M3",#FF9F01
27,HLA-A*02,11,6,255,"CASSMNTGELFF_IOKINBlood:LIB-25-0009_T3,CASSQNTGELFF_IOKINBlood:LIB-25-0001_T5,CASSRNTGELFF_IOKINBlood:LIB-25-0018_T4,CATSGNTGELFF_IOKINBlood:LIB-25-0002_T0,CATSTNTGELFF_IOKINBlood:LIB-25-0017_T3",5,5,"LIB-25-0001,LIB-25-0002,LIB-25-0009,LIB-25-0017,LIB-25-0018","Hypopharynx,Larynx,OralCavity,Oropharynx","LongTerm SD,PD,PR","Positive,TBD","CASSENTGELFF_HomoSapiens:A*02__SVLENFTILL__TEAD1,CASSQNTGELFF_HomoSapiens:C*0102__TAA-FLPWHRLFL__TYR207-215",Human tumour and auto-antigens,"TEAD1,TYR207-215",#FF9F01
53,HLA-A*02,10,17,16,"CASSQYSNQPQHF_IOKINBlood:LIB-25-0002_T5,CASSYYSNQPQHF_IOKINBlood:LIB-25-0002_T0",2,1,LIB-25-0002,Oropharynx,LongTerm SD,Positive,"CASSLYSNQPQHF_HomoSapiens:A*02:01__FLYNLLTRV__SEC24A-P469L,CASSPYSNQPQHF_HomoSapiens:A*02__NLNCCSVPV__GNL3L-R4C",Human tumour and auto-antigens,"SEC24A-P469L,GNL3L-R4C",#FF9F01
64,HLA-A*02,10,9,252,"CASSLGGAYEQYF_IOKINBlood:LIB-25-0017_T6,CASSLKGAYEQYF_IOKINBlood:LIB-25-0018_T6,CASSLLGAYEQFF_IOKINBlood:LIB-25-0001_T1,CASSLLGAYEQYF_IOKINBlood:LIB-25-0013_T4,CASSLMGAYEQYF_IOKINBlood:LIB-25-0012_T4-T5,CASSLPGAYEQYF_IOKINBlood:LIB-25-0002_T6,CASSLQGAYEQYF_IOKINBlood:LIB-25-0001_T0",7,6,"LIB-25-0001,LIB-25-0002,LIB-25-0012,LIB-25-0013,LIB-25-0017,LIB-25-0018","Hypopharynx,OralCavity,Oropharynx","CR,LongTerm SD,PD,PR","Positive,TBD",CASSLGGAYEQYF_HomoSapiens:A*02:01__G280-9V__PMEL,Human tumour and auto-antigens,PMEL,#FF9F01
97,HLA-A*02,10,6,255,"CASSPGGGEAFF_IOKINBlood:LIB-25-0013_T5,CASSPGGTEAFF_IOKINBlood:LIB-25-0002_T0-T4,CASSPGGTEAFF_IOKINBlood:LIB-25-0017_T1",3,3,"LIB-25-0002,LIB-25-0013,LIB-25-0017","OralCavity,Oropharynx","LongTerm SD,PR","Positive,TBD","CASSPGGFEAFF_HomoSapiens:A*02:01__NLWPVTHGL__Mut-PIK3CA,CASSPGGGELFF_HomoSapiens:A*02__KMVAVFYTT-orKMVAVFYNT__OR5M3-orOR5M3-T8N,CASSPGGNEQFF_HomoSapiens:NA__NA__MAA,CASSPGGTEAFF_HomoSapiens:A*02__ELAGIGILTV__MelanA-A27L",Human tumour and auto-antigens,"Mut-PIK3CA,OR5M3-orOR5M3-T8N,MAA,MelanA-A27L",#FF9F01
102,HLA-A*02,10,3,219,"CASSLNTEAFF_IOKINBlood:LIB-25-0003_T4,CAWALNTEAFF_IOKINBlood:LIB-25-0018_T3-T4-T6,CAWILNTEAFF_IOKINBlood:LIB-25-0018_T0-T1,CAWLLNTEAFF_IOKINBlood:LIB-25-0013_T0-T2-T3-T4-T5-T6,CAWNLNTEAFF_IOKINBlood:LIB-25-0018_T0-T3-T5,CAWTLNTEAFF_IOKINBlood:LIB-25-0018_T0-T4,CSVRLNTEAFF_IOKINBlood:LIB-25-0013_T3",7,3,"LIB-25-0003,LIB-25-0013,LIB-25-0018","Hypopharynx,Oropharynx","LongTerm SD,PD,PR","Positive,TBD","CASSLNTEAFF_HomoSapiens:A*02__FLMASISSS__SSPN-9,CASSLNTEAFF_HomoSapiens:A*02__YLQDSLATT-orYLQDSMATT__SREBF1-orSREBF1-L6M",Human tumour and auto-antigens,"SSPN-9,SREBF1-orSREBF1-L6M",#FF9F01
35,HLA-A*02,8,9,252,"CASSIGLNTEAFF_IOKINBlood:LIB-25-0001_T5,CASSLGLNTEAFF_IOKINBlood:LIB-25-0001_T2-T5,CASSLGLNTEAFF_IOKINBlood:LIB-25-0017_T1,CASSRGLNTEAFF_IOKINBlood:LIB-25-0002_T4",4,3,"LIB-25-0001,LIB-25-0002,LIB-25-0017","OralCavity,Oropharynx","LongTerm SD,PD,PR","Positive,TBD","CASSIGLNTEAFF_HomoSapiens:A*02__FLNVLFPLL__OR2T1-F5L,CASSIGLNTEAFF_HomoSapiens:A*02__FMLYLLTLM__OR14C36-V6L",Human tumour and auto-antigens,"OR2T1-F5L,OR14C36-V6L",#FF9F01
37,HLA-A*02,8,9,252,"CASSLDMNTEAFF_IOKINBlood:LIB-25-0003_T3,CASSLDMNTEAFF_IOKINBlood:LIB-25-0009_T1,CASSLFMNTEAFF_IOKINBlood:LIB-25-0018_T0,CASSLGMNTEAFF_IOKINBlood:LIB-25-0013_T6",4,4,"LIB-25-0003,LIB-25-0009,LIB-25-0013,LIB-25-0018","Hypopharynx,Larynx,Oropharynx","LongTerm SD,PD,PR","Positive,TBD",CASSLNMNTEAFF_HomoSapiens:A*02__MLLKQDVSL-orMLLKHDVSL__TRPC1-orTRPC1-Q5H,Human tumour and auto-antigens,TRPC1-orTRPC1-Q5H,#FF9F01
132,HLA-A*02,7,3,219,"CASSLATEAFF_IOKINBlood:LIB-25-0017_T6,CASSLAVEQYF_IOKINBlood:LIB-25-0002_T6",2,2,"LIB-25-0002,LIB-25-0017","OralCavity,Oropharynx","LongTerm SD,PR","Positive,TBD","CASSLASEQYF_HomoSapiens:A*02__KLSREIMPV__KAT6A,CASSLATEQFF_HomoSapiens:A*02__AVGSYVYSV__PGM5-H5Y,CASSLAYEQYF_HomoSapiens:A*02__AVGSHVYSV__PGM5",Human tumour and auto-antigens,"KAT6A,PGM5-H5Y,PGM5",#FF9F01
161,HLA-A*02,7,3,219,"CASSGAGEAFF_IOKINBlood:LIB-25-0018_T4,CASSGAGELFF_IOKINBlood:LIB-25-0001_T5,CASSPAGEQYF_IOKINBlood:LIB-25-0002_T2,CASSRAGELFF_IOKINBlood:LIB-25-0001_T6,CATSEAGEQFF_IOKINBlood:LIB-25-0017_T0",5,4,"LIB-25-0001,LIB-25-0002,LIB-25-0017,LIB-25-0018","Hypopharynx,OralCavity,Oropharynx","LongTerm SD,PD,PR","Positive,TBD","CASSMAGEQYF_HomoSapiens:A*02__ELAGIGILTV__MelanA-A27L,CASSQAGEQYF_HomoSapiens:A*02__LLAILTYYV__KCNB2-P6T",Human tumour and auto-antigens,"MelanA-A27L,KCNB2-P6T",#FF9F01
175,HLA-A*02,7,9,252,"CASSPTGNTEAFF_IOKINBlood:LIB-25-0009_T1,CASSRTGNTEAFF_IOKINBlood:LIB-25-0017_T5,CASSSTGNTEAFF_IOKINBlood:LIB-25-0017_T6",3,2,"LIB-25-0009,LIB-25-0017","Larynx,OralCavity",PR,TBD,CASSWTGNTEAFF_HomoSapiens:A*02__VVLSWAPPV-orVVMSWAPPV__FNDC3B-orFNDC3B-L3M,Human tumour and auto-antigens,FNDC3B-orFNDC3B-L3M,#FF9F01
176,HLA-A*02,7,9,252,"CASSLIGGTEAFF_IOKINBlood:LIB-25-0001_T3,CASSLTGGTEAFF_IOKINBlood:LIB-25-0009_T2-T3",2,2,"LIB-25-0001,LIB-25-0009","Larynx,OralCavity","PD,PR",TBD,"CASSLAGGTEAFF_HomoSapiens:A*02__LLLNMLIVL__TRPV3-A8V,CASSLFGGTEAFF_HomoSapiens:NA__NA__MAA,CASSLLGGTEAFF_HomoSapiens:A*02:01__G209-2M__PMEL,YASSLTGGTEAFF_HomoSapiens:NA__NA__MAA",Human tumour and auto-antigens,"TRPV3-A8V,MAA,PMEL",#FF9F01
214,HLA-A*02,7,3,219,"CASSASTEAFF_IOKINBlood:LIB-25-0013_T4,CASSYSTEAFF_IOKINBlood:LIB-25-0013_T6",2,1,LIB-25-0013,Oropharynx,LongTerm SD,Positive,CASSISTEAFF_HomoSapiens:A*02__YLQDSMATT__SREBF1-L6M,Human tumour and auto-antigens,SREBF1-L6M,#FF9F01
326,HLA-A*02,7,54,7,"CASSLAGADTQYF_IOKINBlood:LIB-25-0013_T5,CASSLIGADTQYF_IOKINBlood:LIB-25-0002_T3,CASSLVGADTQYF_IOKINBlood:LIB-25-0002_T0-T3-T5",3,2,"LIB-25-0002,LIB-25-0013",Oropharynx,LongTerm SD,Positive,CASSLGGADTQYF_HomoSapiens:A*02:01__EAAGIGILTV-orNLSALGIFST__MelanA-orIMP2,Human tumour and auto-antigens,MelanA-orIMP2,#FF9F01
58,HLA-A*02,6,20,6,"CASSLGAGQPQHF_IOKINBlood:LIB-25-0018_T3,CASSLGAGQPQQF_IOKINBlood:LIB-25-0018_T3",2,1,LIB-25-0018,Hypopharynx,PR,TBD,"CASSLGLGQPQHF_HomoSapiens:A*02__ELAGIGILTV__MelanA-A27L,CASSLGQGQPQHF_HomoSapiens:A*02__ELAGIGILTV__MelanA-A27L,CASSLGVGQPQHF_HomoSapiens:A*02__ELAGIGILTV__MelanA-A27L,CASSLGYGQPQHF_HomoSapiens:A*02:01__LLLGIGILVL__BST2",Human tumour and auto-antigens,"MelanA-A27L,BST2",#FF9F01
73,HLA-A*02,6,6,255,"CASSLVGGEQFF_IOKINBlood:LIB-25-0001_T0,CASSLVGHEQFF_IOKINBlood:LIB-25-0017_T2",2,2,"LIB-25-0001,LIB-25-0017",OralCavity,"PD,PR",TBD,CASSLVGAEAFF_HomoSapiens:A*02__LLSIISFPA-orLLSIIFFPA__PHKA2-orPHKA2-SF,Human tumour and auto-antigens,PHKA2-orPHKA2-SF,#FF9F01
96,HLA-A*02,6,6,255,"CASSPLGNEQFF_IOKINBlood:LIB-25-0001_T2,CASSPTGNEQYF_IOKINBlood:LIB-25-0018_T6",2,2,"LIB-25-0001,LIB-25-0018","Hypopharynx,OralCavity","PD,PR",TBD,CASSPTGNEQFF_HomoSapiens:A*02__FLIYLDVSV__WDR46-T3I,Human tumour and auto-antigens,WDR46-T3I,#FF9F01
117,HLA-A*02,6,32,6,"CASSFGDTGELFF_IOKINBlood:LIB-25-0012_T4-T5,CASSPGDTGELFF_IOKINBlood:LIB-25-0012_T3,CSFSSGDTGELFF_IOKINBlood:LIB-25-0009_T4",3,2,"LIB-25-0009,LIB-25-0012","Larynx,OralCavity","CR,PR",TBD,CATSRGDTGELFF_HomoSapiens:A*02:01__LLLGIGILVL__BST2,Human tumour and auto-antigens,BST2,#FF9F01
163,HLA-A*02,6,37,23,"CASSLGGGTDTQYF_IOKINBlood:LIB-25-0009_T4-T5,CASSVGGGTDTQYF_IOKINBlood:LIB-25-0013_T3",2,2,"LIB-25-0009,LIB-25-0013","Larynx,Oropharynx","LongTerm SD,PR","Positive,TBD",CASSLGGGTDTQYF_HomoSapiens:A*0201__KTWGQYWQV__PMEL,Human tumour and auto-antigens,PMEL,#FF9F01
300,HLA-A*02,6,52,6,CASSLGSGNTIYF_IOKINBlood:LIB-25-0018_T0,1,1,LIB-25-0018,Hypopharynx,PR,TBD,"CASSFGSGNTIYF_HomoSapiens:A*02__FMIGYASAL-orFMIGYTSAL__TRPV4-orTRPV4-A6T,CASSFGSGNTIYF_HomoSapiens:A*02__LLFALHFSA__ST6GALNAC2-Y6H",Human tumour and auto-antigens,"TRPV4-orTRPV4-A6T,ST6GALNAC2-Y6H",#FF9F01
324,HLA-A*02,6,9,252,CASSQGGNTEAFF_IOKINBlood:LIB-25-0018_T4,1,1,LIB-25-0018,Hypopharynx,PR,TBD,CASSTGGNTEAFF_HomoSapiens:A*02__ILTGLNYEA-orILTGLNYEV__NSDHL-orNSDHL-A9V,Human tumour and auto-antigens,NSDHL-orNSDHL-A9V,#FF9F01
40,HLA-A*02,5,14,5,CASSNQGLGTEAFF_IOKINBlood:LIB-25-0009_T6,1,1,LIB-25-0009,Larynx,PR,TBD,"CASSFQGLGTEAFF_HomoSapiens:NA__NA__MAA,CASSPQGLGTEAFF_HomoSapiens:NA__NA__MAA,CASSRQGLGTEAFF_HomoSapiens:NA__NA__MAA,CASSSQGLGTEAFF_HomoSapiens:A*02:01__NLSALGIFST__IMP2",Human tumour and auto-antigens,"MAA,IMP2",#FF9F01
80,HLA-A*02,5,6,255,CASSYSGTEAFF_IOKINBlood:LIB-25-0018_T4,1,1,LIB-25-0018,Hypopharynx,PR,TBD,CASSYSGAEQYF_HomoSapiens:A*02__LLFGMPPCL__MRM1-9-T6P,Human tumour and auto-antigens,MRM1-9-T6P,#FF9F01
89,HLA-A*02,5,28,5,CASSLQGLGQPQHF_IOKINBlood:LIB-25-0002_T2,1,1,LIB-25-0002,Oropharynx,LongTerm SD,Positive,"CASSFQGLGQPQHF_HomoSapiens:A*02:01__LLLGIGILVL-orNLSALGIFST__MAA-orBST2-orIMP2,CASSIQGLGQPQHF_HomoSapiens:A*0201__AAGIGILTV__MelanA,CASSLQGLGQPQHF_HomoSapiens:A*02:01__EAAGIGILTV-orLLLGIGILVL__MelanA-orBST2,CAWSSQGLGQPQHF_HomoSapiens:A*02:01__EAAGIGILTV-orLLLGIGILVL-orNLSALGIFST__MelanA-orBST2-orIMP2",Human tumour and auto-antigens,"MAA-orBST2-orIMP2,MelanA,MelanA-orBST2,MelanA-orBST2-orIMP2",#FF9F01
152,HLA-A*02,5,9,252,"CASSLGSGTEAFF_IOKINBlood:LIB-25-0002_T0,CASSLGTGTEAFF_IOKINBlood:LIB-25-0017_T2",2,2,"LIB-25-0002,LIB-25-0017","OralCavity,Oropharynx","LongTerm SD,PR","Positive,TBD",CASSLGVGTEAFF_HomoSapiens:A*02__ELAGIGILTV__MelanA-A27L,Human tumour and auto-antigens,MelanA-A27L,#FF9F01
234,HLA-A*02,5,9,252,CASSGAGGYEQYF_IOKINBlood:LIB-25-0017_T5,1,1,LIB-25-0017,OralCavity,PR,TBD,"CASSIAGGYEQYV_HomoSapiens:A*02:01__AMFWSVPTV__TKT-R438W,CASSQAGGYEQYF_HomoSapiens:A*02__NLNCCSVPV__GNL3L-R4C,CASSVAGGYEQYF_HomoSapiens:A*02__KLWASPLHV__ATP6AP1-G3W",Human tumour and auto-antigens,"TKT-R438W,GNL3L-R4C,ATP6AP1-G3W",#FF9F01
296,HLA-A*02,5,6,255,"CASSSGSGELFF_IOKINBlood:LIB-25-0013_T1,CATSRGSGELFF_IOKINBlood:LIB-25-0017_T2",2,2,"LIB-25-0013,LIB-25-0017","OralCavity,Oropharynx","LongTerm SD,PR","Positive,TBD","CASSFGSGEQFF_HomoSapiens:A*02__MLGEQLFPL__PABPC1-R5Q,CASSVGSGEQYF_HomoSapiens:A*02__KMVAVFYNT__OR5M3-T8N",Human tumour and auto-antigens,"PABPC1-R5Q,OR5M3-T8N",#FF9F01
301,HLA-A*02,5,53,5,"CASSPTAEAFF_IOKINBlood:LIB-25-0013_T6,CASSPTAEQFF_IOKINBlood:LIB-25-0002_T0",2,2,"LIB-25-0002,LIB-25-0013",Oropharynx,LongTerm SD,Positive,"CASSPTAEAFF_HomoSapiens:A*02__LVFPLVMGV__PELP1-L3F,CASSPTAEAFF_HomoSapiens:A*02__TLFTMVGTV__DCHS1-I5M",Human tumour and auto-antigens,"PELP1-L3F,DCHS1-I5M",#FF9F01
307,HLA-A*02,5,9,252,"CASSVDGNTEAFF_IOKINBlood:LIB-25-0001_T2-T3,CASSVEGNTEAFF_IOKINBlood:LIB-25-0018_T3,CASSVPGNTEAFF_IOKINBlood:LIB-25-0009_T0,CATSVKGNTEAFF_IOKINBlood:LIB-25-0017_T6",4,4,"LIB-25-0001,LIB-25-0009,LIB-25-0017,LIB-25-0018","Hypopharynx,Larynx,OralCavity","PD,PR",TBD,CAWSVSGNTEAFF_HomoSapiens:A*02__KLMNIQQKL__AKAP13-Q8K,Human tumour and auto-antigens,AKAP13-Q8K,#FF9F01
390,HLA-A*02,5,33,16,"CASSTSNQPQHF_IOKINBlood:LIB-25-0018_T4,CAWSGSNQPQHF_IOKINBlood:LIB-25-0001_T4",2,2,"LIB-25-0001,LIB-25-0018","Hypopharynx,OralCavity","PD,PR",TBD,"CASSFSNQPQHF_HomoSapiens:A*02:01__FLYNLLTRV__SEC24A-P469L,CASSVSNQPQHF_HomoSapiens:A*02:01__FLYNLLTRV__SEC24A-P469L,CASSWSNQPQHF_HomoSapiens:A*02:01__FLYNLLTRV__SEC24A-P469L",Human tumour and auto-antigens,SEC24A-P469L,#FF9F01
411,HLA-A*02,5,60,5,"CASLGGTEAFF_IOKINBlood:LIB-25-0018_T4,CSANGGTEAFF_IOKINBlood:LIB-25-0013_T0",2,2,"LIB-25-0013,LIB-25-0018","Hypopharynx,Oropharynx","LongTerm SD,PR","Positive,TBD","CASQGGTEAFF_HomoSapiens:NA__NA__MAA,CSVAGGTEAFF_HomoSapiens:A*02__FMLYLLTLM__OR14C36-V6L",Human tumour and auto-antigens,"MAA,OR14C36-V6L",#FF9F01
297,HLA-A*02:01,6,33,16,CASSRGNQPQHF_IOKINBlood:LIB-25-0018_T3,1,1,LIB-25-0018,Hypopharynx,PR,TBD,CASSQGNQPQHF_HomoSapiens:A*02:01__NLSALGIFST__IMP2,Human tumour and auto-antigens,IMP2,#FF9F01
167,HLA-A*02:01,5,26,37,CASSWGQGNQPQHF_IOKINBlood:LIB-25-0002_T0,1,1,LIB-25-0002,Oropharynx,LongTerm SD,Positive,CASSLGQGNQPQHF_HomoSapiens:A*02:01__FLYNLLTRV__SEC24A-P469L,Human tumour and auto-antigens,SEC24A-P469L,#FF9F01
240,HLA-A*30,8,9,252,"CASSQQGGYGYTF_IOKINBlood:LIB-25-0018_T0,CASSSGGGYGYTF_IOKINBlood:LIB-25-0009_T0,CASSSQGGYGYTF_IOKINBlood:LIB-25-0013_T6,CASSSSGGYGYTF_IOKINBlood:LIB-25-0001_T4",4,4,"LIB-25-0001,LIB-25-0009,LIB-25-0013,LIB-25-0018","Hypopharynx,Larynx,OralCavity,Oropharynx","LongTerm SD,PD,PR","Positive,TBD",CASSSQGGYGYTF_HomoSapiens:A*30:02__KVDPIGHVY__MAGE-A6,Human tumour and auto-antigens,MAGE-A6,#FF9F01
31,HLA-A*30,7,9,252,"CASSHDRGYGYTF_IOKINBlood:LIB-25-0017_T6,CASSLDRGYGYTF_IOKINBlood:LIB-25-0012_T3-T5,CASSQDRGYGYTF_IOKINBlood:LIB-25-0009_T3,CASSSDRGYGYTF_IOKINBlood:LIB-25-0012_T0-T1-T2-T3-T4-T5-T6",4,3,"LIB-25-0009,LIB-25-0012,LIB-25-0017","Larynx,OralCavity","CR,PR",TBD,CASSFDRGYGYTF_HomoSapiens:A*30:02__NA__MAGE-A6,Human tumour and auto-antigens,MAGE-A6,#FF9F01
186,HLA-DPA1*01-orHLA-DPB1*04,6,37,23,"CASSLAGGTDTQYF_IOKINBlood:LIB-25-0001_T4-T6,CASSLAGGTDTQYF_IOKINBlood:LIB-25-0009_T4,CASSLARGTDTQYF_IOKINBlood:LIB-25-0017_T0",3,3,"LIB-25-0001,LIB-25-0009,LIB-25-0017","Larynx,OralCavity","PD,PR",TBD,CASSLAQGTDTQYF_HomoSapiens:DPA1*0103-orDPB1*0401__NeoAg-KAKNFVTSLLSIIND__LAMC1p.S1509F,Human tumour and auto-antigens,LAMC1p.S1509F,#FF9F01
76,Unknown,7,9,252,"CASSLGGDTEAFF_IOKINBlood:LIB-25-0009_T2,CASSLGGRTEAFF_IOKINBlood:LIB-25-0018_T2,CATSLGGRTEAFF_IOKINBlood:LIB-25-0002_T3",3,3,"LIB-25-0002,LIB-25-0009,LIB-25-0018","Hypopharynx,Larynx,Oropharynx","LongTerm SD,PR","Positive,TBD",CASSLGGRTEAFF_HomoSapiens:NA__EAGPDAVLRR__BPNT1,Human tumour and auto-antigens,BPNT1,#FF9F01
344,Divergent,5,6,255,"CASSGRGTEAFF_IOKINBlood:LIB-25-0009_T1,CASSLRGTEAFF_IOKINBlood:LIB-25-0018_T6,CASSSRGTEAFF_IOKINBlood:LIB-25-0002_T4,CASSYRGTEAFF_IOKINBlood:LIB-25-0001_T6,CATSDRGTEAFF_IOKINBlood:LIB-25-0018_T3",5,4,"LIB-25-0001,LIB-25-0002,LIB-25-0009,LIB-25-0018","Hypopharynx,Larynx,OralCavity,Oropharynx","LongTerm SD,PD,PR","Positive,TBD",,IOKIN_intrinsic,IOKIN_intrinsic,#000000
98,HLA-A*02-orHLA-DPA1*01:03,5,9,252,"CASSLVEGTEAFF_IOKINBlood:LIB-25-0018_T4,CASSLVLGTEAFF_IOKINBlood:LIB-25-0017_T1-T6,CASSLVPGTEAFF_IOKINBlood:LIB-25-0017_T4,CASSLVQGTEQFF_IOKINBlood:LIB-25-0018_T2,CSASLVSGTEAFF_IOKINBlood:LIB-25-0009_T6",5,3,"LIB-25-0009,LIB-25-0017,LIB-25-0018","Hypopharynx,Larynx,OralCavity",PR,TBD,,IOKIN_intrinsic,IOKIN_intrinsic,#000000
59,Divergent,5,3,219,"CASSFEDTQYF_IOKINBlood:LIB-25-0012_T2,CASSFGDTQYF_IOKINBlood:LIB-25-0018_T4,CASSFRDTIYF_IOKINBlood:LIB-25-0003_T5",3,3,"LIB-25-0003,LIB-25-0012,LIB-25-0018","Hypopharynx,OralCavity,Oropharynx","CR,PD,PR","Positive,TBD",CASSFPDTQYF_CMV:C*07:02__CRVLCCYVL__IE1,Viral,CMV,#AC261B
17,HLA-A*01,11,6,255,"CASSGQGYEQYF_IOKINBlood:LIB-25-0001_T1,CASSIQGYEQYF_IOKINBlood:LIB-25-0012_T4,CASSQQGYEQYF_IOKINBlood:LIB-25-0017_T5,CASSSQGYEQYF_IOKINBlood:LIB-25-0001_T3,RASSGQGYEQYF_IOKINBlood:LIB-25-0001_T1",5,3,"LIB-25-0001,LIB-25-0012,LIB-25-0017",OralCavity,"CR,PD,PR",TBD,CASSLQGYEQYF_HPV:NA__NA__E2-orE5-orE6-orE7,Viral,HPV,#AC261B
119,HLA-A*02,8,3,219,"CASSLGAGQFF_IOKINBlood:LIB-25-0012_T6,CASSLGGGYTF_IOKINBlood:LIB-25-0018_T5,CASSLGYGYTF_IOKINBlood:LIB-25-0001_T5",3,3,"LIB-25-0001,LIB-25-0012,LIB-25-0018","Hypopharynx,OralCavity","CR,PD,PR",TBD,CASSLGRGQFF_HCV:A*02__KLVALGINAV__NS3,Viral,HCV,#AC261B
29,HLA-A*02,7,9,252,"CASSLTGGGEQFF_IOKINBlood:LIB-25-0017_T5,CASSLYGGGELFF_IOKINBlood:LIB-25-0018_T4",2,2,"LIB-25-0017,LIB-25-0018","Hypopharynx,OralCavity",PR,TBD,CASSLAGGGEQYF_EBV:A*02__YVLDHLIVV__EBV-YVL,Viral,EBV,#AC261B
51,HLA-A*02,7,3,219,"CAISEGNEQFF_IOKINBlood:LIB-25-0001_T4,CAISQGNEQFF_IOKINBlood:LIB-25-0001_T0,CAISVGNEQFF_IOKINBlood:LIB-25-0001_T2,CASSPGNEQYF_IOKINBlood:LIB-25-0017_T1,CATSPGNEQFF_IOKINBlood:LIB-25-0012_T5-T6",5,3,"LIB-25-0001,LIB-25-0012,LIB-25-0017",OralCavity,"CR,PD,PR",TBD,CATSEGNEQFF_CMV:A*02:01__NLVPMVATV__pp65,Viral,CMV,#AC261B
62,HLA-A*02,7,6,255,"CAISTGGYEQYF_IOKINBlood:LIB-25-0001_T4,CASSFGGYEQYF_IOKINBlood:LIB-25-0018_T1,CASSQGGYEQYF_IOKINBlood:LIB-25-0009_T4,CASSRGGYEQYF_IOKINBlood:LIB-25-0017_T0,CASSYGGYEQYF_IOKINBlood:LIB-25-0002_T2",5,5,"LIB-25-0001,LIB-25-0002,LIB-25-0009,LIB-25-0017,LIB-25-0018","Hypopharynx,Larynx,OralCavity,Oropharynx","LongTerm SD,PD,PR","Positive,TBD",CASSFGGYEQYF_HCV:A*02__KLVALGINAV__HCV-KLV,Viral,HCV,#AC261B
16,HLA-A*02,6,10,6,"CASSPRGGSEQYF_IOKINBlood:LIB-25-0018_T4,CATSPRGGTEAFF_IOKINBlood:LIB-25-0001_T0",2,2,"LIB-25-0001,LIB-25-0018","Hypopharynx,OralCavity","PD,PR",TBD,CATSPRGGHEQYF_YFV:A*02__LLWNGPMAV__YFV-LLW,Viral,YFV,#AC261B
74,HLA-A*02,5,6,255,"CASSDRGYEQYF_IOKINBlood:LIB-25-0009_T4,CASSLRGYEQYF_IOKINBlood:LIB-25-0001_T0",2,2,"LIB-25-0001,LIB-25-0009","Larynx,OralCavity","PD,PR",TBD,CASSHRGYEQYF_YFV:A*02__LLWNGPMAV__YFV-LLW,Viral,YFV,#AC261B
77,HLA-A*02,5,3,219,CASSSVREQFF_IOKINBlood:LIB-25-0013_T6,1,1,LIB-25-0013,Oropharynx,LongTerm SD,Positive,"CASSSVNEAFF_CMV:A*02:01__NLVPMVATV__pp65,CASSSVNEQFF_CMV:A*02__NLVPMVATV__pp65,CASSSVNEQYF_CMV:A*02:01__NLVPMVATV__pp65,CASSSVSEAFF_CMV:A*02__NLVPMVATV__pp65",Viral,CMV,#AC261B
329,HLA-A*02,5,3,219,"CASSVTGEAFF_IOKINBlood:LIB-25-0017_T6,CASSVTGELFF_IOKINBlood:LIB-25-0018_T0,CSASVTGELFF_IOKINBlood:LIB-25-0009_T6",3,3,"LIB-25-0009,LIB-25-0017,LIB-25-0018","Hypopharynx,Larynx,OralCavity",PR,TBD,CASSYTGELFF_HCV:A*02__KLVALGINAV__NS3,Viral,HCV,#AC261B
120,HLA-A*02:0,8,6,255,"CASSLLQETQYF_IOKINBlood:LIB-25-0017_T5,CASSLQQETQYF_IOKINBlood:LIB-25-0002_T4,CASSLSQETQYF_IOKINBlood:LIB-25-0002_T2,CASSLYQETQYF_IOKINBlood:LIB-25-0017_T6",4,2,"LIB-25-0002,LIB-25-0017","OralCavity,Oropharynx","LongTerm SD,PR","Positive,TBD","CASSLLQETQYF_EBV:NA__NA__NA,CASSLMQETQYF_EBV:NA__NA__NA,CASSLYQETQYF_EBV:NA__NA__NA",Viral,EBV,#AC261B
46,HLA-A*02:01,8,15,8,"CSVGQGGTNEKLFF_IOKINBlood:LIB-25-0017_T0-T1-T2-T3-T4-T5-T6,CSVGSGGTNEKLFF_IOKINBlood:LIB-25-0017_T3-T5,CSVGTGGTNEKLFF_IOKINBlood:LIB-25-0002_T0-T1-T2-T3-T4-T5-T6,CSVGTGGTNEKLFF_IOKINBlood:LIB-25-0013_T0-T1-T2-T3-T4-T5-T6",4,3,"LIB-25-0002,LIB-25-0013,LIB-25-0017","OralCavity,Oropharynx","LongTerm SD,PR","Positive,TBD","CSVGSGGTNEKLFF_EBV:A*02:01__GLCTLVAML__BMLF1,CSVGTGGTNEKLFF_EBV:A*02:01__GLCTLVAML__BMLF1",Viral,EBV,#AC261B
94,HLA-A*02:01,8,6,255,"CASSLHTGELFF_IOKINBlood:LIB-25-0001_T4,CASSLRTGELFF_IOKINBlood:LIB-25-0001_T5,CASSLVTGELFF_IOKINBlood:LIB-25-0013_T1,CASSLWTGELFF_IOKINBlood:LIB-25-0001_T2",4,2,"LIB-25-0001,LIB-25-0013","OralCavity,Oropharynx","LongTerm SD,PD","Positive,TBD",CASSLGTGELFF_CMV:A*02:01__NLVPMVATV__pp65,Viral,CMV,#AC261B
99,HLA-A*02:01,7,30,7,"CASSDLNTGELFF_IOKINBlood:LIB-25-0013_T4,CASSWLNTGELFF_IOKINBlood:LIB-25-0001_T6,CATSVPNTGELFF_IOKINBlood:LIB-25-0013_T3",3,2,"LIB-25-0001,LIB-25-0013","OralCavity,Oropharynx","LongTerm SD,PD","Positive,TBD","CACSVLNTGELFF_MCPyV:A*02:01__KLLEIAPNC__T-Ag,CARSVLNTGELFF_MCPyV:A*02:01__KLLEIAPNC__T-Ag,CASSVLNTGELFF_MCPyV:A*02:01__KLLEIAPNC__T-Ag",Viral,MCPyV,#AC261B
165,HLA-A*02:01,7,9,252,"CASSLASSYEQYF_IOKINBlood:LIB-25-0003_T0,CASSLGSSYEQYF_IOKINBlood:LIB-25-0001_T5,CASSLLSSYEQYF_IOKINBlood:LIB-25-0001_T4,CASSLRSSYEQYF_IOKINBlood:LIB-25-0018_T3,CASSLSSSYEQYF_IOKINBlood:LIB-25-0017_T0,CASSLYSSYEQYF_IOKINBlood:LIB-25-0001_T5",6,4,"LIB-25-0001,LIB-25-0003,LIB-25-0017,LIB-25-0018","Hypopharynx,OralCavity,Oropharynx","PD,PR","Positive,TBD",CASSLRSSYEQYF_Influenza:A*02:01__GILGFVFTL__M,Viral,Influenza,#AC261B
67,HLA-A*02:01,6,22,14,"CASSLAGGTGELFF_IOKINBlood:LIB-25-0013_T2,CASSLAGLTGELFF_IOKINBlood:LIB-25-0013_T0-T3-T4",2,1,LIB-25-0013,Oropharynx,LongTerm SD,Positive,CASSLAGFTGELFF_CMV:A*02:01__NLVPMVATV__pp65,Viral,CMV,#AC261B
81,HLA-A*02:01,6,25,6,"CASSYSGANQPQHF_IOKINBlood:LIB-25-0001_T4,CASSYSGGNQPQHF_IOKINBlood:LIB-25-0018_T4",2,2,"LIB-25-0001,LIB-25-0018","Hypopharynx,OralCavity","PD,PR",TBD,CASSYSGTNQPQHF_CMV:A*02:01__NLVPMVATV__pp65,Viral,CMV,#AC261B
88,HLA-A*02:01,6,6,255,"CASSQGSYGYTF_IOKINBlood:LIB-25-0018_T6,CSVSQGSYGYTF_IOKINBlood:LIB-25-0002_T3",2,2,"LIB-25-0002,LIB-25-0018","Hypopharynx,Oropharynx","LongTerm SD,PR","Positive,TBD",CASSTGSYGYTF_CMV:A*02:01__NLVPMVATV__pp65,Viral,CMV,#AC261B
139,HLA-A*02:01,6,34,6,"CASSLFGTGEAFF_IOKINBlood:LIB-25-0003_T3,CASSLMGTGEQYF_IOKINBlood:LIB-25-0003_T4,CASSLSGTGEQYF_IOKINBlood:LIB-25-0013_T5,CASSLWGTGELFF_IOKINBlood:LIB-25-0012_T2",4,3,"LIB-25-0003,LIB-25-0012,LIB-25-0013","OralCavity,Oropharynx","CR,LongTerm SD,PD","Positive,TBD",CASSLVGTGELFF_CMV:A*02:01__NLVPMVATV__pp65,Viral,CMV,#AC261B
140,HLA-A*02:01,6,3,219,CASSFGTEAFF_IOKINBlood:LIB-25-0002_T0-T3,1,1,LIB-25-0002,Oropharynx,LongTerm SD,Positive,CASSFGSEQYF_MCPyV:A*02:01__KLLEIAPNC__T-Ag,Viral,MCPyV,#AC261B
154,HLA-A*02:01,5,35,5,"CATRDQNTGELFF_IOKINBlood:LIB-25-0018_T3,CSARDANTGELFF_IOKINBlood:LIB-25-0003_T0",2,2,"LIB-25-0003,LIB-25-0018","Hypopharynx,Oropharynx","PD,PR","Positive,TBD","CAIRDSNTGELFF_MCPyV:A*02:01__KLLEIAPNC__T-Ag,CASRDQNTGELFF_MCPyV:A*02:01__KLLEIAPNC__T-Ag,CATRDINTGELFF_MCPyV:A*02:01__KLLEIAPNC__T-Ag",Viral,MCPyV,#AC261B
185,HLA-A*02:01,5,9,252,CASSLSGDTEAFF_IOKINBlood:LIB-25-0018_T0-T3-T5,1,1,LIB-25-0018,Hypopharynx,PR,TBD,CASSLEGDTEAFF_MCPyV:A*02:01__KLLEIAPNC__T-Ag,Viral,MCPyV,#AC261B
145,HLA-B*08:01,10,9,252,"CASSAGQAYEQYF_IOKINBlood:LIB-25-0013_T2-T3-T4-T5,CASSQGQAYEQYF_IOKINBlood:LIB-25-0013_T0-T1-T3-T5,CDSSAGQAYEQYF_IOKINBlood:LIB-25-0013_T2",3,1,LIB-25-0013,Oropharynx,LongTerm SD,Positive,"CASSLGQAYEQYF_EBV:B*08:01:29__FLRGRAYGL__EBNA3A,CASSLGQAYEQYF_HomoSapiens:B*44:05:01__EEYLKAWTF__MelanA,CASSSGQAYEQYF_EBV:B*08:01__FLRGRAYGL__EBNA3A",Viral,EBV,#FFDF01
13,HLA-B*35:01,6,8,6,"CAIGTGDSNQPQHF_IOKINBlood:LIB-25-0018_T2-T6,CASSTGDSNQPQHF_IOKINBlood:LIB-25-0018_T4",2,1,LIB-25-0018,Hypopharynx,PR,TBD,"CAISTGDSNQPQHF_EBV:B*35:01__EPLPQGQLTAY__BZLF1,CASGTGDSNQPQHF_EBV:B*35:01__EPLPQGQLTAY__BZLF1,CASSTGDSNQPQHF_EBV:B*35:01__EPLPQGQLTAY__BZLF1,CATGTGDSNQPQHF_EBV:B*35:42:01-orB*35:01__EPLPQGQLTAY__BZLF1",Viral,EBV,#AC261B
18,Unknown,8,9,252,"CASSLEENTEAFF_IOKINBlood:LIB-25-0018_T1,CASSLGENTEAFF_IOKINBlood:LIB-25-0009_T4,CASSLGENTEAFF_IOKINBlood:LIB-25-0018_T3,CASSLQENTEAFF_IOKINBlood:LIB-25-0009_T3,CASSLTENTEAFF_IOKINBlood:LIB-25-0009_T3-T4",5,2,"LIB-25-0009,LIB-25-0018","Hypopharynx,Larynx",PR,TBD,CASSLDENTEAFF_CMV:NA__NA__NA,Viral,CMV,#AC261B
125,Unknown,8,9,252,"CASSETLNTEAFF_IOKINBlood:LIB-25-0001_T6,CASSETLNTEAFF_IOKINBlood:LIB-25-0017_T5,CASSLTLNTEAFF_IOKINBlood:LIB-25-0017_T6,CASSLTLNTEAFF_IOKINBlood:LIB-25-0018_T1,CASSQTLNTEAFF_IOKINBlood:LIB-25-0001_T4",5,3,"LIB-25-0001,LIB-25-0017,LIB-25-0018","Hypopharynx,OralCavity","PD,PR",TBD,"CASSFTLNTEAFF_CMV:NA__NA__NA,CASSITLNTEAFF_CMV:NA__NA__NA",Viral,CMV,#AC261B
20,Unknown,6,11,6,"CASSELAGGTDTQYF_IOKINBlood:LIB-25-0009_T4,CSASALAGGTDTQYF_IOKINBlood:LIB-25-0017_T6",2,2,"LIB-25-0009,LIB-25-0017","Larynx,OralCavity",PR,TBD,CASSILAGGTDTQYF_EBV:NA__NA__NA,Viral,EBV,#AC261B
394,Unknown,5,57,5,"CASSLASDTQYF_IOKINBlood:LIB-25-0009_T3,CASSLASDTQYF_IOKINBlood:LIB-25-0017_T1,CASSLATDTQYF_IOKINBlood:LIB-25-0003_T5,CASSLATDTQYF_IOKINBlood:LIB-25-0017_T1",4,3,"LIB-25-0003,LIB-25-0009,LIB-25-0017","Larynx,OralCavity,Oropharynx","PD,PR","Positive,TBD",CASSLAADTQYF_EBV:NA__NA__NA,Viral,EBV,#AC261B
