Community_id,Community_size,PatientDerived_Nodes,NumberOf_PatientDerived_Nodes,Number_of_Patients,Patient_id,CancerType_Range,BestResponse_Range,HPVStatus_Range,Community_specificity,KnownExternalTCRs,Abstract_Annotation,Detailed_Annotation,Color
1,68,CASSFSRANTIYF_IOKINBlood:LIB-25-0013_T6,1,1,LIB-25-0013,Oropharynx,LongTerm SD,Positive,"CMV,HNSCC,MCPyV","CAISADNCIQSRANVLTF_MCPyV:A*02:01__KLLEIAPNC__T-Ag,CARTESRQSRANVLTF_MCPyV:A*02:01__KLLEIAPNC__T-Ag,CASNRGSTQSRANVLTF_MCPyV:A*02:01__KLLEIAPNC__T-Ag,CASRCLVLQQSRANVLTF_MCPyV:A*02:01__KLLEIAPNC__T-Ag,CASRGLLAQQSRANVLTF_MCPyV:A*02:01__KLLEIAPNC__T-Ag,CASSAEVTNHQSRANVLTF_MCPyV:A*02:01__KLLEIAPNC__T-Ag,CASSDRPRIAQSRANVLTF_MCPyV:A*02:01__KLLEIAPNC__T-Ag,CASSDSRANTGELFF_CMV:A*02:01__NLVPMVATV__pp65,CASSEGKTKSQSRANVLTF_MCPyV:A*02:01__KLLEIAPNC__T-Ag,CASSGRLQQSRANVLTF_MCPyV:A*02:01__KLLEIAPNC__T-Ag,CASSGVKRSHKSRANVLTF_MCPyV:A*02:01__KLLEIAPNC__T-Ag,CASSNPQRIAQSRANVLTF_MCPyV:A*02:01__KLLEIAPNC__T-Ag,CASSPALATTSRANVLTF_MCPyV:A*02:01__KLLEIAPNC__T-Ag,CASSSCMDIYKSRANVLTF_MCPyV:A*02:01__KLLEIAPNC__T-Ag,CASSSTLKSQSRANVLTF_MCPyV:A*02:01__KLLEIAPNC__T-Ag,CPGRRARKRTSRANVLTF_MCPyV:A*02:01__KLLEIAPNC__T-Ag,CPGSRLGSEQSRANVLTF_MCPyV:A*02:01__KLLEIAPNC__T-Ag,CPGSRYGSEQSRANVLTF_MCPyV:A*02:01__KLLEIAPNC__T-Ag",Cross-species,"CMV,MCPyV",#FFDF01
2,19,"CASSDDGMNTEAFF_IOKINBlood:LIB-25-0018_T2-T5-T6,CASSEDGMNTEAFF_IOKINBlood:LIB-25-0002_T0-T2-T3-T4-T6,CASSPDGMNTEAFF_IOKINBlood:LIB-25-0002_T5,CASSQDGMNTEAFF_IOKINBlood:LIB-25-0002_T0-T5",4,2,"LIB-25-0002,LIB-25-0018","Hypopharynx,Oropharynx","LongTerm SD,PR","Positive,TBD","HNSCC,HomoSapiens","CAGSQDGMNTEAFF_HomoSapiens:A*02__TMEM161A__TMEM161A,CAISEDGMNTEAFF_HomoSapiens:A*02__TMEM161A__TMEM161A,CASSADGMNTEAFF_HomoSapiens:A*02__TMEM161A__TMEM161A,CASSDDGMNTEAFF_HomoSapiens:A*02__TMEM161A__TMEM161A,CASSEDGMNTEAFF_HomoSapiens:A*02__TMEM161A__TMEM161A,CASSGDGMNTEAFF_HomoSapiens:A*02__TMEM161A__TMEM161A,CASSLDGMNTEAFF_HomoSapiens:A*02__TMEM161A__TMEM161A,CASSPDGMNTEAFF_HomoSapiens:A*02__TMEM161A__TMEM161A,CASSQDGMNTEAFF_HomoSapiens:A*02__TMEM161A__TMEM161A,CASSRDGMNTEAFF_HomoSapiens:A*02__TMEM161A__TMEM161A,CASSSDGMNTEAFF_HomoSapiens:A*02__TMEM161A__TMEM161A,CASSVDGMNTEAFF_HomoSapiens:A*02__TMEM161A__TMEM161A,CASSWDGMNTEAFF_HomoSapiens:A*02__TMEM161A__TMEM161A,CAWSPDGMNTEAFF_HomoSapiens:A*02__TMEM161A__TMEM161A",Human tumour and auto-antigens,TMEM161A,#FF9F01
4,5,"CANTIFSGPEAFF_IOKINBlood:LIB-25-0009_T2,CASTIFSGPEAFF_IOKINBlood:LIB-25-0009_T2,CASTIFSGPVAFF_IOKINBlood:LIB-25-0009_T2,RASTIFSGPEAFF_IOKINBlood:LIB-25-0009_T2",4,1,LIB-25-0009,Larynx,PR,TBD,HNSCC,TBD,HNSCC,HNSCC,#CDEDFA
5,21,"CAISESYEQFF_IOKINBlood:LIB-25-0013_T4,CAISGSYEQYF_IOKINBlood:LIB-25-0018_T2,CASSFSYEQYF_IOKINBlood:LIB-25-0013_T2,CASSFSYEQYF_IOKINBlood:LIB-25-0017_T1,CASSSSYEQYF_IOKINBlood:LIB-25-0013_T5,CASSYSYEQYF_IOKINBlood:LIB-25-0018_T4,CAWSVSYEQYF_IOKINBlood:LIB-25-0018_T6,CSASPSYEQYF_IOKINBlood:LIB-25-0018_T4",8,3,"LIB-25-0013,LIB-25-0017,LIB-25-0018","Hypopharynx,OralCavity,Oropharynx","LongTerm SD,PR","Positive,TBD","HNSCC,HomoSapiens,YFV","CASSDSYEQYF_HomoSapiens:A*02__ELAGIGILTV__MelanA-A27L,CASSDSYEQYF_YFV:A*02__LLWNGPMAV__YFV-LLW,CASSLSYEQYF_HomoSapiens:A*02__FLTVFSHFM__PIGN-P7H,CATSGSYEQYF_HomoSapiens:A*02__ELAGIGILTV__MelanA-A27L",Cross-species,"MelanA-A27L,PIGN-P7H,YFV",#FFDF01
6,16,"CASSLGAEAFF_IOKINBlood:LIB-25-0018_T4,CASSLGDEQYV_IOKINBlood:LIB-25-0002_T4,CASSLGGEAFF_IOKINBlood:LIB-25-0009_T3,CASSLGGEQFF_IOKINBlood:LIB-25-0013_T5,CASSLGGEQFF_IOKINBlood:LIB-25-0018_T6,CASSLGNEQFF_IOKINBlood:LIB-25-0002_T0-T2,CASSLGTEAFF_IOKINBlood:LIB-25-0013_T4,CASSLGVEAFF_IOKINBlood:LIB-25-0002_T4",8,4,"LIB-25-0002,LIB-25-0009,LIB-25-0013,LIB-25-0018","Hypopharynx,Larynx,Oropharynx","LongTerm SD,PR","Positive,TBD","HNSCC,HomoSapiens","CASSLGAEQYF_HomoSapiens:A*02__LLFGMTPCL__MRM1,CSASLGGEQFF_HomoSapiens:A*02:01__RMWDFDIFL__PDE7B-G113R",Human tumour and auto-antigens,"MRM1,PDE7B-G113R",#FF9F01
8,6,"CASSPGQGREKLFF_IOKINBlood:LIB-25-0018_T4,CASSRGQGREKLFF_IOKINBlood:LIB-25-0018_T2-T5-T6",2,1,LIB-25-0018,Hypopharynx,PR,TBD,HNSCC,TBD,HNSCC,HNSCC,#CDEDFA
9,16,"CANSADSYEQYF_IOKINBlood:LIB-25-0017_T5,CASSLDSYEQYF_IOKINBlood:LIB-25-0001_T4,CASSSDSYEQYF_IOKINBlood:LIB-25-0017_T6,CASSVDSYEQYF_IOKINBlood:LIB-25-0002_T5,CASSWDSYEQYF_IOKINBlood:LIB-25-0017_T6",5,3,"LIB-25-0001,LIB-25-0002,LIB-25-0017","OralCavity,Oropharynx","LongTerm SD,PD,PR","Positive,TBD",HNSCC,TBD,HNSCC,HNSCC,#CDEDFA
10,8,"CASSLTSGSTDTQYF_IOKINBlood:LIB-25-0017_T3,CASSPTSGSTDTQYF_IOKINBlood:LIB-25-0001_T2,CASSRTSGSTDTQYF_IOKINBlood:LIB-25-0018_T2,CASSYTSGSTDTQYF_IOKINBlood:LIB-25-0009_T5,CAWSVTSGSTDTQYF_IOKINBlood:LIB-25-0002_T4",5,5,"LIB-25-0001,LIB-25-0002,LIB-25-0009,LIB-25-0017,LIB-25-0018","Hypopharynx,Larynx,OralCavity,Oropharynx","LongTerm SD,PD,PR","Positive,TBD",HNSCC,TBD,HNSCC,HNSCC,#CDEDFA
13,6,"CAIGTGDSNQPQHF_IOKINBlood:LIB-25-0018_T2-T6,CASSTGDSNQPQHF_IOKINBlood:LIB-25-0018_T4",2,1,LIB-25-0018,Hypopharynx,PR,TBD,EBV,"CAISTGDSNQPQHF_EBV:B*35:01__EPLPQGQLTAY__BZLF1,CASGTGDSNQPQHF_EBV:B*35:01__EPLPQGQLTAY__BZLF1,CASSTGDSNQPQHF_EBV:B*35:01__EPLPQGQLTAY__BZLF1,CATGTGDSNQPQHF_EBV:B*35:42:01-orB*35:01__EPLPQGQLTAY__BZLF1",Viral,EBV,#AC261B
14,14,"CASSFGQGYEQYF_IOKINBlood:LIB-25-0017_T6,CASSLGQGYEQYF_IOKINBlood:LIB-25-0017_T6,CASSPGQGYEAFF_IOKINBlood:LIB-25-0017_T5,CASSRGQGYEQYF_IOKINBlood:LIB-25-0017_T1",4,1,LIB-25-0017,OralCavity,PR,TBD,"CMV,HomoSapiens","CASSAGQGYEQYF_HomoSapiens:A*02__KLWASPLHV__ATP6AP1-G3W,CASSEGQGYEQYF_HomoSapiens:A*02__VLENFTIFLV__TEAD1-L8F,CASSFGQGYEQYF_HomoSapiens:A*02__LIFNMFYWI__GLRA1,CASSFGQGYEQYF_HomoSapiens:A*02__NLNCCSVPV__GNL3L-R4C,CASSLGQGYEQYF_HomoSapiens:A*02:01__KLMNIQQKL__AKAP13-Q285K,CASSPGQGYEQYF_HomoSapiens:A*02__FLFMYLVTV__OR1G1,CASSPGQGYEQYF_HomoSapiens:A*02__KLWASPLHV__ATP6AP1-G3W,CASSPGQGYEQYF_HomoSapiens:A*02:01__LLLGIGILVL__BST2,CASSQGQGYEQYF_CMV:A*02__MLNIPSINV__CMV-MLN,CASSYGQGYEQYF_HomoSapiens:A*02__NLNCCSVPV__GNL3L-R4C",Cross-species,"CMV,ATP6AP1-G3W,TEAD1-L8F,GLRA1,GNL3L-R4C,AKAP13-Q285K,OR1G1,BST2",#FFDF01
16,5,CASSPRGGSEQYF_IOKINBlood:LIB-25-0018_T4,1,1,LIB-25-0018,Hypopharynx,PR,TBD,"HNSCC,YFV",CATSPRGGHEQYF_YFV:A*02__LLWNGPMAV__YFV-LLW,Viral,YFV,#AC261B
17,11,"CASSGQGYEQYF_IOKINBlood:LIB-25-0001_T1,CASSIQGYEQYF_IOKINBlood:LIB-25-0012_T4,CASSQQGYEQYF_IOKINBlood:LIB-25-0017_T5,CASSSQGYEQYF_IOKINBlood:LIB-25-0001_T3,RASSGQGYEQYF_IOKINBlood:LIB-25-0001_T1",5,3,"LIB-25-0001,LIB-25-0012,LIB-25-0017",OralCavity,"CR,PD,PR",TBD,"HNSCC,HPV",CASSLQGYEQYF_HPV:NA__NA__E2-orE5-orE6-orE7,Viral,HPV,#AC261B
18,8,"CASSLEENTEAFF_IOKINBlood:LIB-25-0018_T1,CASSLGENTEAFF_IOKINBlood:LIB-25-0009_T4,CASSLGENTEAFF_IOKINBlood:LIB-25-0018_T3,CASSLQENTEAFF_IOKINBlood:LIB-25-0009_T3,CASSLTENTEAFF_IOKINBlood:LIB-25-0009_T3-T4",5,2,"LIB-25-0009,LIB-25-0018","Hypopharynx,Larynx",PR,TBD,"CMV,HNSCC",CASSLDENTEAFF_CMV:NA__NA__NA,Viral,CMV,#AC261B
20,6,"CASSELAGGTDTQYF_IOKINBlood:LIB-25-0009_T4,CSASALAGGTDTQYF_IOKINBlood:LIB-25-0017_T6",2,2,"LIB-25-0009,LIB-25-0017","Larynx,OralCavity",PR,TBD,"EBV,HNSCC",CASSILAGGTDTQYF_EBV:NA__NA__NA,Viral,EBV,#AC261B
22,7,"CASSLAQGAGEAFF_IOKINBlood:LIB-25-0001_T0-T4,CASSLAQGAGEQYF_IOKINBlood:LIB-25-0017_T0,CASSLEQGAGEQYF_IOKINBlood:LIB-25-0017_T2,CASSLGQGAGEQYF_IOKINBlood:LIB-25-0017_T0,CASSLLQGAGEQYF_IOKINBlood:LIB-25-0001_T5",5,2,"LIB-25-0001,LIB-25-0017",OralCavity,"PD,PR",TBD,HNSCC,TBD,HNSCC,HNSCC,#CDEDFA
25,7,"CASSAQGNTEAFF_IOKINBlood:LIB-25-0001_T0-T4,CASSFQGNTEAFF_IOKINBlood:LIB-25-0002_T4,CASSQQGNTEAFF_IOKINBlood:LIB-25-0001_T3,CASSYQGNTEAFF_IOKINBlood:LIB-25-0001_T3,CSASTQGNTEAFF_IOKINBlood:LIB-25-0017_T5",5,3,"LIB-25-0001,LIB-25-0002,LIB-25-0017","OralCavity,Oropharynx","LongTerm SD,PD,PR","Positive,TBD",HNSCC,TBD,HNSCC,HNSCC,#CDEDFA
26,11,"CASSLAGNTEAFF_IOKINBlood:LIB-25-0002_T2,CASSLDGNTEAFF_IOKINBlood:LIB-25-0018_T3,CASSLEGNTEAFF_IOKINBlood:LIB-25-0002_T5,CASSLGGNTEAFF_IOKINBlood:LIB-25-0018_T2,CASSLQGNTEAFF_IOKINBlood:LIB-25-0018_T4,CASSLVGNTEAFF_IOKINBlood:LIB-25-0018_T6,CASSLYGNTEAFF_IOKINBlood:LIB-25-0012_T3,CATSLTGNTEAFF_IOKINBlood:LIB-25-0018_T5",8,3,"LIB-25-0002,LIB-25-0012,LIB-25-0018","Hypopharynx,OralCavity,Oropharynx","CR,LongTerm SD,PR","Positive,TBD",HNSCC,TBD,HNSCC,HNSCC,#CDEDFA
27,9,"CASSMNTGELFF_IOKINBlood:LIB-25-0009_T3,CASSRNTGELFF_IOKINBlood:LIB-25-0018_T4,CATSGNTGELFF_IOKINBlood:LIB-25-0002_T0,CATSTNTGELFF_IOKINBlood:LIB-25-0017_T3",4,4,"LIB-25-0002,LIB-25-0009,LIB-25-0017,LIB-25-0018","Hypopharynx,Larynx,OralCavity,Oropharynx","LongTerm SD,PR","Positive,TBD","HNSCC,HomoSapiens",CASSENTGELFF_HomoSapiens:A*02__SVLENFTILL__TEAD1,Human tumour and auto-antigens,TEAD1,#FF9F01
28,6,"CASSLEGRETQYF_IOKINBlood:LIB-25-0013_T3-T5,CASSLGGRETQYF_IOKINBlood:LIB-25-0002_T1,CASSLIGRETQYF_IOKINBlood:LIB-25-0018_T3,CASSLQGRETQYF_IOKINBlood:LIB-25-0013_T6,CASSLRGRETQYF_IOKINBlood:LIB-25-0013_T3",5,3,"LIB-25-0002,LIB-25-0013,LIB-25-0018","Hypopharynx,Oropharynx","LongTerm SD,PR","Positive,TBD",HNSCC,TBD,HNSCC,HNSCC,#CDEDFA
29,7,"CASSLTGGGEQFF_IOKINBlood:LIB-25-0017_T5,CASSLYGGGELFF_IOKINBlood:LIB-25-0018_T4",2,2,"LIB-25-0017,LIB-25-0018","Hypopharynx,OralCavity",PR,TBD,"EBV,HNSCC",CASSLAGGGEQYF_EBV:A*02__YVLDHLIVV__EBV-YVL,Viral,EBV,#AC261B
31,5,"CASSLDRGYGYTF_IOKINBlood:LIB-25-0012_T3-T5,CASSSDRGYGYTF_IOKINBlood:LIB-25-0012_T0-T1-T2-T3-T4-T5-T6",2,1,LIB-25-0012,OralCavity,CR,TBD,"HNSCC,HomoSapiens",CASSFDRGYGYTF_HomoSapiens:A*30:02__NA__MAGE-A6,Human tumour and auto-antigens,MAGE-A6,#FF9F01
33,13,"CASSLGGAEQFF_IOKINBlood:LIB-25-0002_T0,CASSLGGGEAFF_IOKINBlood:LIB-25-0017_T0,CASSLGGHEQYF_IOKINBlood:LIB-25-0002_T0,CASSLGGNEQYF_IOKINBlood:LIB-25-0017_T5,CASSLGGWEAFF_IOKINBlood:LIB-25-0017_T4,CASSLGGYEQFF_IOKINBlood:LIB-25-0017_T1,CASSLGGYEQYF_IOKINBlood:LIB-25-0018_T6",7,3,"LIB-25-0002,LIB-25-0017,LIB-25-0018","Hypopharynx,OralCavity,Oropharynx","LongTerm SD,PR","Positive,TBD","HNSCC,HomoSapiens","CASSLGGAEQFF_HomoSapiens:NA__NA__MAA,CASSLGGDEQYF_HomoSapiens:A*02__NLFNRYPAL__LCP1,CASSLGGNEQYF_HomoSapiens:A*02:01__AMFWSVPTV__TKT-R438W,CASSLGGTEAFF_HomoSapiens:A*02__KMVAVFYTT__OR5M3",Human tumour and auto-antigens,"MAA,LCP1,TKT-R438W,OR5M3",#FF9F01
35,6,"CASSLGLNTEAFF_IOKINBlood:LIB-25-0017_T1,CASSRGLNTEAFF_IOKINBlood:LIB-25-0002_T4",2,2,"LIB-25-0002,LIB-25-0017","OralCavity,Oropharynx","LongTerm SD,PR","Positive,TBD","HNSCC,HomoSapiens","CASSIGLNTEAFF_HomoSapiens:A*02__FLNVLFPLL__OR2T1-F5L,CASSIGLNTEAFF_HomoSapiens:A*02__FMLYLLTLM__OR14C36-V6L",Human tumour and auto-antigens,"OR2T1-F5L,OR14C36-V6L",#FF9F01
36,6,"CASSLEQNTEAFF_IOKINBlood:LIB-25-0009_T5,CASSLGQNTEAFF_IOKINBlood:LIB-25-0001_T4,CASSLIQNTEAFF_IOKINBlood:LIB-25-0017_T5,CASSLSQNTEAFF_IOKINBlood:LIB-25-0009_T4",4,3,"LIB-25-0001,LIB-25-0009,LIB-25-0017","Larynx,OralCavity","PD,PR",TBD,HNSCC,TBD,HNSCC,HNSCC,#CDEDFA
37,7,"CASSLDMNTEAFF_IOKINBlood:LIB-25-0009_T1,CASSLFMNTEAFF_IOKINBlood:LIB-25-0018_T0,CASSLGMNTEAFF_IOKINBlood:LIB-25-0013_T6",3,3,"LIB-25-0009,LIB-25-0013,LIB-25-0018","Hypopharynx,Larynx,Oropharynx","LongTerm SD,PR","Positive,TBD","HNSCC,HomoSapiens",CASSLNMNTEAFF_HomoSapiens:A*02__MLLKQDVSL-orMLLKHDVSL__TRPC1-orTRPC1-Q5H,Human tumour and auto-antigens,TRPC1-orTRPC1-Q5H,#FF9F01
39,8,"CASSLERNTEAFF_IOKINBlood:LIB-25-0009_T4,CASSLWRNTEAFF_IOKINBlood:LIB-25-0009_T4",2,1,LIB-25-0009,Larynx,PR,TBD,HNSCC,TBD,HNSCC,HNSCC,#CDEDFA
40,5,CASSNQGLGTEAFF_IOKINBlood:LIB-25-0009_T6,1,1,LIB-25-0009,Larynx,PR,TBD,HomoSapiens,"CASSFQGLGTEAFF_HomoSapiens:NA__NA__MAA,CASSPQGLGTEAFF_HomoSapiens:NA__NA__MAA,CASSRQGLGTEAFF_HomoSapiens:NA__NA__MAA,CASSSQGLGTEAFF_HomoSapiens:A*02:01__NLSALGIFST__IMP2",Human tumour and auto-antigens,"MAA,IMP2",#FF9F01
41,8,"CASSLGDTEAFF_IOKINBlood:LIB-25-0017_T2,CASSWGDTEAFF_IOKINBlood:LIB-25-0002_T4,CASSWGDTEAFF_IOKINBlood:LIB-25-0018_T4,CSASAGDTEAFF_IOKINBlood:LIB-25-0009_T3",4,4,"LIB-25-0002,LIB-25-0009,LIB-25-0017,LIB-25-0018","Hypopharynx,Larynx,OralCavity,Oropharynx","LongTerm SD,PR","Positive,TBD","HCV,HomoSapiens","CAISRGDTEAFF_HomoSapiens:A*02__KLPLDINPV-orKLPLDIDPV__TTLL12-orTTLL12-N7D,CASSAGDTEAFF_HomoSapiens:A*02__GLTSFFIAI__CD47-V6F,CASSEGDTEAFF_HCV:A*02__KLVALGINAV__NS3,CASSRGDTEAFF_HCV:A*02__KLVALGINAV__NS3",Cross-species,"HCV,TTLL12-orTTLL12-N7D,CD47-V6F",#FFDF01
43,7,"CASSLGSYEQYF_IOKINBlood:LIB-25-0018_T0,CAWSTGSYEQYF_IOKINBlood:LIB-25-0013_T3",2,2,"LIB-25-0013,LIB-25-0018","Hypopharynx,Oropharynx","LongTerm SD,PR","Positive,TBD","HCV,HNSCC,HomoSapiens","CASSFGSYEQYF_HomoSapiens:NA__SVYWSPKGK__NUP214,CASSQGSYEQYF_HCV:A*02__KLVALGINAV__NS3,CASSYGSYEQYF_HCV:A*02__KLVALGINAV__NS3",Cross-species,"HCV,NUP214",#FFDF01
46,8,"CSVGQGGTNEKLFF_IOKINBlood:LIB-25-0017_T0-T1-T2-T3-T4-T5-T6,CSVGSGGTNEKLFF_IOKINBlood:LIB-25-0017_T3-T5,CSVGTGGTNEKLFF_IOKINBlood:LIB-25-0002_T0-T1-T2-T3-T4-T5-T6,CSVGTGGTNEKLFF_IOKINBlood:LIB-25-0013_T0-T1-T2-T3-T4-T5-T6",4,3,"LIB-25-0002,LIB-25-0013,LIB-25-0017","OralCavity,Oropharynx","LongTerm SD,PR","Positive,TBD","EBV,HNSCC","CSVGSGGTNEKLFF_EBV:A*02:01__GLCTLVAML__BMLF1,CSVGTGGTNEKLFF_EBV:A*02:01__GLCTLVAML__BMLF1",Viral,EBV,#AC261B
47,8,"CASSHGGEQFF_IOKINBlood:LIB-25-0018_T1,CASSPGGEAFF_IOKINBlood:LIB-25-0013_T5",2,2,"LIB-25-0013,LIB-25-0018","Hypopharynx,Oropharynx","LongTerm SD,PR","Positive,TBD","HCV,HNSCC,HomoSapiens","CAISPGGEQFF_HomoSapiens:A*02__ILTGLNYEA-orILTGLNYEV__NSDHL-orNSDHL-A9V,CASSFGGEQFF_HomoSapiens:NA__FRFSMIWHL__DOPEY2,CASSMGGEQYF_HCV:A*02__KLVALGINAV__NS3,CASSPGGELFF_HCV:A*02__KLVALGINAV__NS3",Cross-species,"HCV,NSDHL-orNSDHL-A9V,DOPEY2",#FFDF01
51,3,CASSPGNEQYF_IOKINBlood:LIB-25-0017_T1,1,1,LIB-25-0017,OralCavity,PR,TBD,"CMV,HNSCC",CATSEGNEQFF_CMV:A*02:01__NLVPMVATV__pp65,Viral,CMV,#AC261B
52,11,"CASSEGYEQYF_IOKINBlood:LIB-25-0009_T5,CASSFGYEQYF_IOKINBlood:LIB-25-0017_T3,CASSPGYEQYF_IOKINBlood:LIB-25-0002_T5,CASSQGYEQYF_IOKINBlood:LIB-25-0009_T2,CATSGGYEQYF_IOKINBlood:LIB-25-0002_T6",5,3,"LIB-25-0002,LIB-25-0009,LIB-25-0017","Larynx,OralCavity,Oropharynx","LongTerm SD,PR","Positive,TBD","HNSCC,HomoSapiens,YFV","CASSGGYEQYF_YFV:A*02__LLWNGPMAV__YFV-LLW,CASSQGYEQYF_HomoSapiens:A*02__VLFAAFSSA__PLXNB1",Cross-species,"PLXNB1,YFV",#FFDF01
53,10,"CASSQYSNQPQHF_IOKINBlood:LIB-25-0002_T5,CASSYYSNQPQHF_IOKINBlood:LIB-25-0002_T0",2,1,LIB-25-0002,Oropharynx,LongTerm SD,Positive,"HNSCC,HomoSapiens","CASSLYSNQPQHF_HomoSapiens:A*02:01__FLYNLLTRV__SEC24A-P469L,CASSPYSNQPQHF_HomoSapiens:A*02__NLNCCSVPV__GNL3L-R4C",Human tumour and auto-antigens,"SEC24A-P469L,GNL3L-R4C",#FF9F01
54,5,"CSARDRDYEQYF_IOKINBlood:LIB-25-0009_T3,CSARDRDYEQYF_IOKINBlood:LIB-25-0013_T3,CSPRNRDYEQYF_IOKINBlood:LIB-25-0013_T4,WSPRNRDYEQYF_IOKINBlood:LIB-25-0013_T4",4,2,"LIB-25-0009,LIB-25-0013","Larynx,Oropharynx","LongTerm SD,PR","Positive,TBD",HNSCC,TBD,HNSCC,HNSCC,#CDEDFA
57,6,"CASSPDRGNQPQHF_IOKINBlood:LIB-25-0001_T6,CASSPDRGNQPQQF_IOKINBlood:LIB-25-0001_T6",2,1,LIB-25-0001,OralCavity,PD,TBD,HNSCC,TBD,HNSCC,HNSCC,#CDEDFA
58,6,"CASSLGAGQPQHF_IOKINBlood:LIB-25-0018_T3,CASSLGAGQPQQF_IOKINBlood:LIB-25-0018_T3",2,1,LIB-25-0018,Hypopharynx,PR,TBD,HomoSapiens,"CASSLGLGQPQHF_HomoSapiens:A*02__ELAGIGILTV__MelanA-A27L,CASSLGQGQPQHF_HomoSapiens:A*02__ELAGIGILTV__MelanA-A27L,CASSLGVGQPQHF_HomoSapiens:A*02__ELAGIGILTV__MelanA-A27L,CASSLGYGQPQHF_HomoSapiens:A*02:01__LLLGIGILVL__BST2",Human tumour and auto-antigens,"MelanA-A27L,BST2",#FF9F01
60,11,"CASSGTDTQYF_IOKINBlood:LIB-25-0017_T4,CASSGTDTQYF_IOKINBlood:LIB-25-0018_T0,CASSLTDTQYF_IOKINBlood:LIB-25-0002_T6,CASSLTDTQYF_IOKINBlood:LIB-25-0009_T1,CASSLTDTQYF_IOKINBlood:LIB-25-0017_T4,CASSSTDTQYF_IOKINBlood:LIB-25-0018_T5,CATSSTDTQYF_IOKINBlood:LIB-25-0003_T3",7,5,"LIB-25-0002,LIB-25-0003,LIB-25-0009,LIB-25-0017,LIB-25-0018","Hypopharynx,Larynx,OralCavity,Oropharynx","LongTerm SD,PD,PR","Positive,TBD",HNSCC,TBD,HNSCC,HNSCC,#CDEDFA
61,14,"CASSGDGYEQYF_IOKINBlood:LIB-25-0017_T3,CASSLDGYEQYF_IOKINBlood:LIB-25-0018_T6",2,2,"LIB-25-0017,LIB-25-0018","Hypopharynx,OralCavity",PR,TBD,HNSCC,TBD,HNSCC,HNSCC,#CDEDFA
62,6,"CASSFGGYEQYF_IOKINBlood:LIB-25-0018_T1,CASSQGGYEQYF_IOKINBlood:LIB-25-0009_T4,CASSRGGYEQYF_IOKINBlood:LIB-25-0017_T0,CASSYGGYEQYF_IOKINBlood:LIB-25-0002_T2",4,4,"LIB-25-0002,LIB-25-0009,LIB-25-0017,LIB-25-0018","Hypopharynx,Larynx,OralCavity,Oropharynx","LongTerm SD,PR","Positive,TBD","HCV,HNSCC",CASSFGGYEQYF_HCV:A*02__KLVALGINAV__HCV-KLV,Viral,HCV,#AC261B
64,7,"CASSLGGAYEQYF_IOKINBlood:LIB-25-0017_T6,CASSLKGAYEQYF_IOKINBlood:LIB-25-0018_T6,CASSLLGAYEQYF_IOKINBlood:LIB-25-0013_T4,CASSLPGAYEQYF_IOKINBlood:LIB-25-0002_T6",4,4,"LIB-25-0002,LIB-25-0013,LIB-25-0017,LIB-25-0018","Hypopharynx,OralCavity,Oropharynx","LongTerm SD,PR","Positive,TBD","HNSCC,HomoSapiens",CASSLGGAYEQYF_HomoSapiens:A*02:01__G280-9V__PMEL,Human tumour and auto-antigens,PMEL,#FF9F01
66,6,"CASSAGTGGTEAFF_IOKINBlood:LIB-25-0009_T6,CASSSGTGGTEAFF_IOKINBlood:LIB-25-0017_T5,CASSTGTGGTEAFF_IOKINBlood:LIB-25-0003_T4,CASSWGTGGTEAFF_IOKINBlood:LIB-25-0012_T3",4,4,"LIB-25-0003,LIB-25-0009,LIB-25-0012,LIB-25-0017","Larynx,OralCavity,Oropharynx","CR,PD,PR","Positive,TBD",HNSCC,TBD,HNSCC,HNSCC,#CDEDFA
67,6,"CASSLAGGTGELFF_IOKINBlood:LIB-25-0013_T2,CASSLAGLTGELFF_IOKINBlood:LIB-25-0013_T0-T3-T4",2,1,LIB-25-0013,Oropharynx,LongTerm SD,Positive,"CMV,HNSCC",CASSLAGFTGELFF_CMV:A*02:01__NLVPMVATV__pp65,Viral,CMV,#AC261B
69,9,"CASSDSSYNEQFF_IOKINBlood:LIB-25-0017_T1-T6,CASSESSYNEQFF_IOKINBlood:LIB-25-0017_T4,CASSGSSYNEQFF_IOKINBlood:LIB-25-0003_T5,CASSLSSYNEQFF_IOKINBlood:LIB-25-0018_T6,CASSRSSYNEQFF_IOKINBlood:LIB-25-0002_T6,CASSSSSYNEQFF_IOKINBlood:LIB-25-0017_T4,CASSVSSYNEQFF_IOKINBlood:LIB-25-0009_T0,CAWSSSSYNEQFF_IOKINBlood:LIB-25-0017_T6",8,5,"LIB-25-0002,LIB-25-0003,LIB-25-0009,LIB-25-0017,LIB-25-0018","Hypopharynx,Larynx,OralCavity,Oropharynx","LongTerm SD,PD,PR","Positive,TBD",HNSCC,TBD,HNSCC,HNSCC,#CDEDFA
73,5,CASSLVGHEQFF_IOKINBlood:LIB-25-0017_T2,1,1,LIB-25-0017,OralCavity,PR,TBD,"HNSCC,HomoSapiens",CASSLVGAEAFF_HomoSapiens:A*02__LLSIISFPA-orLLSIIFFPA__PHKA2-orPHKA2-SF,Human tumour and auto-antigens,PHKA2-orPHKA2-SF,#FF9F01
74,4,CASSDRGYEQYF_IOKINBlood:LIB-25-0009_T4,1,1,LIB-25-0009,Larynx,PR,TBD,"HNSCC,YFV",CASSHRGYEQYF_YFV:A*02__LLWNGPMAV__YFV-LLW,Viral,YFV,#AC261B
75,5,"CASSLSGNEQFF_IOKINBlood:LIB-25-0009_T0,CASSLSGYEQYF_IOKINBlood:LIB-25-0017_T5",2,2,"LIB-25-0009,LIB-25-0017","Larynx,OralCavity",PR,TBD,"HNSCC,HomoSapiens,YFV","CASSLSGAEAFF_HomoSapiens:A*02:01__EAAGIGILTV-orNLSALGIFST__MelanA-orIMP2,CASSLSGDEQYF_YFV:A*02__LLWNGPMAV__YFV-LLW",Cross-species,"MelanA-orIMP2,YFV",#FFDF01
76,7,"CASSLGGDTEAFF_IOKINBlood:LIB-25-0009_T2,CASSLGGRTEAFF_IOKINBlood:LIB-25-0018_T2,CATSLGGRTEAFF_IOKINBlood:LIB-25-0002_T3",3,3,"LIB-25-0002,LIB-25-0009,LIB-25-0018","Hypopharynx,Larynx,Oropharynx","LongTerm SD,PR","Positive,TBD","HNSCC,HomoSapiens",CASSLGGRTEAFF_HomoSapiens:NA__EAGPDAVLRR__BPNT1,Human tumour and auto-antigens,BPNT1,#FF9F01
77,5,CASSSVREQFF_IOKINBlood:LIB-25-0013_T6,1,1,LIB-25-0013,Oropharynx,LongTerm SD,Positive,CMV,"CASSSVNEAFF_CMV:A*02:01__NLVPMVATV__pp65,CASSSVNEQFF_CMV:A*02__NLVPMVATV__pp65,CASSSVNEQYF_CMV:A*02:01__NLVPMVATV__pp65,CASSSVSEAFF_CMV:A*02__NLVPMVATV__pp65",Viral,CMV,#AC261B
78,5,"CASSPPGQGYEQYF_IOKINBlood:LIB-25-0018_T4,CASSPPGQIYEQYF_IOKINBlood:LIB-25-0018_T2,CASSPPGQNYEQYF_IOKINBlood:LIB-25-0001_T0,YASSPPGQIYEQYF_IOKINBlood:LIB-25-0018_T2",4,2,"LIB-25-0001,LIB-25-0018","Hypopharynx,OralCavity","PD,PR",TBD,HNSCC,TBD,HNSCC,HNSCC,#CDEDFA
80,5,CASSYSGTEAFF_IOKINBlood:LIB-25-0018_T4,1,1,LIB-25-0018,Hypopharynx,PR,TBD,"HNSCC,HomoSapiens",CASSYSGAEQYF_HomoSapiens:A*02__LLFGMPPCL__MRM1-9-T6P,Human tumour and auto-antigens,MRM1-9-T6P,#FF9F01
81,5,CASSYSGGNQPQHF_IOKINBlood:LIB-25-0018_T4,1,1,LIB-25-0018,Hypopharynx,PR,TBD,"CMV,HNSCC",CASSYSGTNQPQHF_CMV:A*02:01__NLVPMVATV__pp65,Viral,CMV,#AC261B
84,9,"CASSIGGSNQPQHF_IOKINBlood:LIB-25-0009_T0,CASSIGGSNQPQQF_IOKINBlood:LIB-25-0009_T0,CASSLGGSNQPQHF_IOKINBlood:LIB-25-0009_T2,CASSMGGSNQPQHF_IOKINBlood:LIB-25-0017_T5",4,2,"LIB-25-0009,LIB-25-0017","Larynx,OralCavity",PR,TBD,HNSCC,TBD,HNSCC,HNSCC,#CDEDFA
85,7,"CASSQGGGYEQYF_IOKINBlood:LIB-25-0013_T3,CSASSGGGYEQYF_IOKINBlood:LIB-25-0013_T6",2,1,LIB-25-0013,Oropharynx,LongTerm SD,Positive,"HNSCC,HomoSapiens,YFV","CASSPGGGYEQYF_HomoSapiens:A*02__NLNCCSVPV__GNL3L-R4C,CASSVGGGYEQYF_HomoSapiens:A*02__KLWASPLHV__ATP6AP1-G3W,CASSYGGGYEQYF_HomoSapiens:A*02__NLNCCSVPV__GNL3L-R4C,CASSYGGGYEQYF_YFV:A*02__LLWNGPMAV__YFV-LLW",Cross-species,"GNL3L-R4C,ATP6AP1-G3W,YFV",#FFDF01
86,8,"CASSAYEQYF_IOKINBlood:LIB-25-0017_T1,CASSLYEQYF_IOKINBlood:LIB-25-0018_T3,CSASNYEQYF_IOKINBlood:LIB-25-0001_T1,LEGSSYEQYV_IOKINBlood:LIB-25-0002_T3",4,4,"LIB-25-0001,LIB-25-0002,LIB-25-0017,LIB-25-0018","Hypopharynx,OralCavity,Oropharynx","LongTerm SD,PD,PR","Positive,TBD",HNSCC,TBD,HNSCC,HNSCC,#CDEDFA
87,8,"CASSLAGSNQPQHF_IOKINBlood:LIB-25-0009_T6,CASSLQGSNQPQHF_IOKINBlood:LIB-25-0018_T1-T3-T4-T5-T6,CASSLSGSNQPQHF_IOKINBlood:LIB-25-0003_T0,CASSRQGSNQPQHF_IOKINBlood:LIB-25-0001_T2,RASSLQGSNQPQHF_IOKINBlood:LIB-25-0018_T4",5,4,"LIB-25-0001,LIB-25-0003,LIB-25-0009,LIB-25-0018","Hypopharynx,Larynx,OralCavity,Oropharynx","PD,PR","Positive,TBD",HNSCC,TBD,HNSCC,HNSCC,#CDEDFA
88,6,"CASSQGSYGYTF_IOKINBlood:LIB-25-0018_T6,CSVSQGSYGYTF_IOKINBlood:LIB-25-0002_T3",2,2,"LIB-25-0002,LIB-25-0018","Hypopharynx,Oropharynx","LongTerm SD,PR","Positive,TBD","CMV,HNSCC",CASSTGSYGYTF_CMV:A*02:01__NLVPMVATV__pp65,Viral,CMV,#AC261B
89,5,CASSLQGLGQPQHF_IOKINBlood:LIB-25-0002_T2,1,1,LIB-25-0002,Oropharynx,LongTerm SD,Positive,HomoSapiens,"CASSFQGLGQPQHF_HomoSapiens:A*02:01__LLLGIGILVL-orNLSALGIFST__MAA-orBST2-orIMP2,CASSIQGLGQPQHF_HomoSapiens:A*0201__AAGIGILTV__MelanA,CASSLQGLGQPQHF_HomoSapiens:A*02:01__EAAGIGILTV-orLLLGIGILVL__MelanA-orBST2,CAWSSQGLGQPQHF_HomoSapiens:A*02:01__EAAGIGILTV-orLLLGIGILVL-orNLSALGIFST__MelanA-orBST2-orIMP2",Human tumour and auto-antigens,"MAA-orBST2-orIMP2,MelanA,MelanA-orBST2,MelanA-orBST2-orIMP2",#FF9F01
94,5,CASSLVTGELFF_IOKINBlood:LIB-25-0013_T1,1,1,LIB-25-0013,Oropharynx,LongTerm SD,Positive,"CMV,HNSCC",CASSLGTGELFF_CMV:A*02:01__NLVPMVATV__pp65,Viral,CMV,#AC261B
95,5,"CASSLGGSGNTIYF_IOKINBlood:LIB-25-0017_T5,CASSLGQSGNTIYF_IOKINBlood:LIB-25-0001_T3,CASSLGSSGNTIYF_IOKINBlood:LIB-25-0002_T0-T4,CASSLGTSGNTIYF_IOKINBlood:LIB-25-0002_T4",4,3,"LIB-25-0001,LIB-25-0002,LIB-25-0017","OralCavity,Oropharynx","LongTerm SD,PD,PR","Positive,TBD",HNSCC,TBD,HNSCC,HNSCC,#CDEDFA
96,5,CASSPTGNEQYF_IOKINBlood:LIB-25-0018_T6,1,1,LIB-25-0018,Hypopharynx,PR,TBD,"HNSCC,HomoSapiens",CASSPTGNEQFF_HomoSapiens:A*02__FLIYLDVSV__WDR46-T3I,Human tumour and auto-antigens,WDR46-T3I,#FF9F01
97,10,"CASSPGGGEAFF_IOKINBlood:LIB-25-0013_T5,CASSPGGTEAFF_IOKINBlood:LIB-25-0002_T0-T4,CASSPGGTEAFF_IOKINBlood:LIB-25-0017_T1",3,3,"LIB-25-0002,LIB-25-0013,LIB-25-0017","OralCavity,Oropharynx","LongTerm SD,PR","Positive,TBD","HNSCC,HomoSapiens","CASSPGGFEAFF_HomoSapiens:A*02:01__NLWPVTHGL__Mut-PIK3CA,CASSPGGGELFF_HomoSapiens:A*02__KMVAVFYTT-orKMVAVFYNT__OR5M3-orOR5M3-T8N,CASSPGGNEQFF_HomoSapiens:NA__NA__MAA,CASSPGGTEAFF_HomoSapiens:A*02__ELAGIGILTV__MelanA-A27L",Human tumour and auto-antigens,"Mut-PIK3CA,OR5M3-orOR5M3-T8N,MAA,MelanA-A27L",#FF9F01
98,5,"CASSLVEGTEAFF_IOKINBlood:LIB-25-0018_T4,CASSLVLGTEAFF_IOKINBlood:LIB-25-0017_T1-T6,CASSLVPGTEAFF_IOKINBlood:LIB-25-0017_T4,CASSLVQGTEQFF_IOKINBlood:LIB-25-0018_T2,CSASLVSGTEAFF_IOKINBlood:LIB-25-0009_T6",5,3,"LIB-25-0009,LIB-25-0017,LIB-25-0018","Hypopharynx,Larynx,OralCavity",PR,TBD,IOKIN_intrinsic,TBD,IOKIN_intrinsic,IOKIN_intrinsic,#000000
99,6,"CASSDLNTGELFF_IOKINBlood:LIB-25-0013_T4,CATSVPNTGELFF_IOKINBlood:LIB-25-0013_T3",2,1,LIB-25-0013,Oropharynx,LongTerm SD,Positive,"HNSCC,MCPyV","CACSVLNTGELFF_MCPyV:A*02:01__KLLEIAPNC__T-Ag,CARSVLNTGELFF_MCPyV:A*02:01__KLLEIAPNC__T-Ag,CASSVLNTGELFF_MCPyV:A*02:01__KLLEIAPNC__T-Ag",Viral,MCPyV,#AC261B
102,9,"CAWALNTEAFF_IOKINBlood:LIB-25-0018_T3-T4-T6,CAWILNTEAFF_IOKINBlood:LIB-25-0018_T0-T1,CAWLLNTEAFF_IOKINBlood:LIB-25-0013_T0-T2-T3-T4-T5-T6,CAWNLNTEAFF_IOKINBlood:LIB-25-0018_T0-T3-T5,CAWTLNTEAFF_IOKINBlood:LIB-25-0018_T0-T4,CSVRLNTEAFF_IOKINBlood:LIB-25-0013_T3",6,2,"LIB-25-0013,LIB-25-0018","Hypopharynx,Oropharynx","LongTerm SD,PR","Positive,TBD","HNSCC,HomoSapiens","CASSLNTEAFF_HomoSapiens:A*02__FLMASISSS__SSPN-9,CASSLNTEAFF_HomoSapiens:A*02__YLQDSLATT-orYLQDSMATT__SREBF1-orSREBF1-L6M",Human tumour and auto-antigens,"SSPN-9,SREBF1-orSREBF1-L6M",#FF9F01
106,6,"CASSLSSYEQYF_IOKINBlood:LIB-25-0017_T6,CASSPSSYEQYF_IOKINBlood:LIB-25-0001_T3,CASSPSSYEQYF_IOKINBlood:LIB-25-0013_T5,CSASDSSYEQYF_IOKINBlood:LIB-25-0018_T6",4,4,"LIB-25-0001,LIB-25-0013,LIB-25-0017,LIB-25-0018","Hypopharynx,OralCavity,Oropharynx","LongTerm SD,PD,PR","Positive,TBD",HNSCC,TBD,HNSCC,HNSCC,#CDEDFA
108,7,"CASSLGGNTGELFF_IOKINBlood:LIB-25-0018_T1-T2-T6,CASSLGKNTGELFF_IOKINBlood:LIB-25-0017_T1,CASSLGVNTGELFF_IOKINBlood:LIB-25-0002_T2",3,3,"LIB-25-0002,LIB-25-0017,LIB-25-0018","Hypopharynx,OralCavity,Oropharynx","LongTerm SD,PR","Positive,TBD","HNSCC,HomoSapiens,MCPyV","CASSLGGNTGELFF_HomoSapiens:A*02__ELAGIGILTV__MelanA-A27L,CASSLGGNTGELFF_MCPyV:A*02:01__KLLEIAPNC__T-Ag",Cross-species,"MelanA-A27L,MCPyV",#FFDF01
116,7,"CASSAGGNQPQHF_IOKINBlood:LIB-25-0003_T3,CASSFGGNQPQHF_IOKINBlood:LIB-25-0018_T1,CASSLGGNQPQHF_IOKINBlood:LIB-25-0013_T2,CASSRGGNQPQHF_IOKINBlood:LIB-25-0002_T0-T3-T6,CASSRGGNQPQQF_IOKINBlood:LIB-25-0002_T0,CSASGGGNQPQHF_IOKINBlood:LIB-25-0001_T4",6,5,"LIB-25-0001,LIB-25-0002,LIB-25-0003,LIB-25-0013,LIB-25-0018","Hypopharynx,OralCavity,Oropharynx","LongTerm SD,PD,PR","Positive,TBD",HNSCC,TBD,HNSCC,HNSCC,#CDEDFA
117,4,CSFSSGDTGELFF_IOKINBlood:LIB-25-0009_T4,1,1,LIB-25-0009,Larynx,PR,TBD,"HNSCC,HomoSapiens",CATSRGDTGELFF_HomoSapiens:A*02:01__LLLGIGILVL__BST2,Human tumour and auto-antigens,BST2,#FF9F01
119,6,CASSLGGGYTF_IOKINBlood:LIB-25-0018_T5,1,1,LIB-25-0018,Hypopharynx,PR,TBD,"HCV,HNSCC",CASSLGRGQFF_HCV:A*02__KLVALGINAV__NS3,Viral,HCV,#AC261B
120,8,"CASSLLQETQYF_IOKINBlood:LIB-25-0017_T5,CASSLQQETQYF_IOKINBlood:LIB-25-0002_T4,CASSLSQETQYF_IOKINBlood:LIB-25-0002_T2,CASSLYQETQYF_IOKINBlood:LIB-25-0017_T6",4,2,"LIB-25-0002,LIB-25-0017","OralCavity,Oropharynx","LongTerm SD,PR","Positive,TBD","EBV,HNSCC","CASSLLQETQYF_EBV:NA__NA__NA,CASSLMQETQYF_EBV:NA__NA__NA,CASSLYQETQYF_EBV:NA__NA__NA",Viral,EBV,#AC261B
124,5,"CASSPGQDYGYTF_IOKINBlood:LIB-25-0018_T2-T3-T4,CASSPGQFYGYTF_IOKINBlood:LIB-25-0017_T5,CASSPGQSYGYTF_IOKINBlood:LIB-25-0013_T1",3,3,"LIB-25-0013,LIB-25-0017,LIB-25-0018","Hypopharynx,OralCavity,Oropharynx","LongTerm SD,PR","Positive,TBD",HNSCC,TBD,HNSCC,HNSCC,#CDEDFA
125,8,"CASSETLNTEAFF_IOKINBlood:LIB-25-0001_T6,CASSETLNTEAFF_IOKINBlood:LIB-25-0017_T5,CASSLTLNTEAFF_IOKINBlood:LIB-25-0017_T6,CASSLTLNTEAFF_IOKINBlood:LIB-25-0018_T1,CASSQTLNTEAFF_IOKINBlood:LIB-25-0001_T4",5,3,"LIB-25-0001,LIB-25-0017,LIB-25-0018","Hypopharynx,OralCavity","PD,PR",TBD,"CMV,HNSCC","CASSFTLNTEAFF_CMV:NA__NA__NA,CASSITLNTEAFF_CMV:NA__NA__NA",Viral,CMV,#AC261B
132,7,"CASSLATEAFF_IOKINBlood:LIB-25-0017_T6,CASSLAVEQYF_IOKINBlood:LIB-25-0002_T6",2,2,"LIB-25-0002,LIB-25-0017","OralCavity,Oropharynx","LongTerm SD,PR","Positive,TBD","HNSCC,HomoSapiens","CASSLASEQYF_HomoSapiens:A*02__KLSREIMPV__KAT6A,CASSLATEQFF_HomoSapiens:A*02__AVGSYVYSV__PGM5-H5Y,CASSLAYEQYF_HomoSapiens:A*02__AVGSHVYSV__PGM5",Human tumour and auto-antigens,"KAT6A,PGM5-H5Y,PGM5",#FF9F01
135,7,"CASSLGETGYF_IOKINBlood:LIB-25-0017_T6,CASSLGETQYF_IOKINBlood:LIB-25-0017_T3-T5,CASSPGETQYF_IOKINBlood:LIB-25-0013_T4,CASSRGETQYF_IOKINBlood:LIB-25-0017_T5",4,2,"LIB-25-0013,LIB-25-0017","OralCavity,Oropharynx","LongTerm SD,PR","Positive,TBD","HNSCC,S-pneumoniae",CASSSGETQYF_S-pneumoniae:DPB1*04:01__ECTGLAWEWWRTV__NA,Bacterial,S-pneumoniae,#BAC70D
136,5,"CASSRLNQPQHF_IOKINBlood:LIB-25-0017_T1-T3-T4-T5-T6,CASSRLNQPQQF_IOKINBlood:LIB-25-0017_T1,CASSSLNQPQHF_IOKINBlood:LIB-25-0013_T4-T6,CATSDLNQPQHF_IOKINBlood:LIB-25-0017_T0-T3-T6",4,2,"LIB-25-0013,LIB-25-0017","OralCavity,Oropharynx","LongTerm SD,PR","Positive,TBD",HNSCC,TBD,HNSCC,HNSCC,#CDEDFA
137,6,"CASSLGRGYEQYF_IOKINBlood:LIB-25-0003_T3,CASSLRRGYEQYF_IOKINBlood:LIB-25-0009_T6,CSASLTRGYEQYF_IOKINBlood:LIB-25-0002_T6",3,3,"LIB-25-0002,LIB-25-0003,LIB-25-0009","Larynx,Oropharynx","LongTerm SD,PD,PR","Positive,TBD",HNSCC,TBD,HNSCC,HNSCC,#CDEDFA
139,3,CASSLSGTGEQYF_IOKINBlood:LIB-25-0013_T5,1,1,LIB-25-0013,Oropharynx,LongTerm SD,Positive,"CMV,HNSCC",CASSLVGTGELFF_CMV:A*02:01__NLVPMVATV__pp65,Viral,CMV,#AC261B
140,6,CASSFGTEAFF_IOKINBlood:LIB-25-0002_T0-T3,1,1,LIB-25-0002,Oropharynx,LongTerm SD,Positive,"HNSCC,MCPyV",CASSFGSEQYF_MCPyV:A*02:01__KLLEIAPNC__T-Ag,Viral,MCPyV,#AC261B
145,9,"CASSAGQAYEQYF_IOKINBlood:LIB-25-0013_T2-T3-T4-T5,CASSQGQAYEQYF_IOKINBlood:LIB-25-0013_T0-T1-T3-T5,CDSSAGQAYEQYF_IOKINBlood:LIB-25-0013_T2",3,1,LIB-25-0013,Oropharynx,LongTerm SD,Positive,"EBV,HNSCC","CASSLGQAYEQYF_EBV:B*08:01:29__FLRGRAYGL__EBNA3A,CASSSGQAYEQYF_EBV:B*08:01__FLRGRAYGL__EBNA3A",Viral,EBV,#AC261B
149,7,"CASSQQETQYF_IOKINBlood:LIB-25-0002_T5,CASSSQETQYF_IOKINBlood:LIB-25-0018_T2,CASSYQETQYF_IOKINBlood:LIB-25-0018_T2",3,2,"LIB-25-0002,LIB-25-0018","Hypopharynx,Oropharynx","LongTerm SD,PR","Positive,TBD","CEF,HNSCC,HomoSapiens","CASSNQETQYF_HomoSapiens:A*02__ALYGFVPVL__GANAB-S5F,CASSQQETQYF_CEF:NA__NA__NA",Cross-species,"CEF,GANAB-S5F",#FFDF01
150,5,"CASSLAGGNEQFF_IOKINBlood:LIB-25-0002_T3-T6,CASSLGGGNEQFF_IOKINBlood:LIB-25-0003_T4,CASSLVGGNEQFF_IOKINBlood:LIB-25-0003_T3",3,2,"LIB-25-0002,LIB-25-0003",Oropharynx,"LongTerm SD,PD",Positive,HNSCC,TBD,HNSCC,HNSCC,#CDEDFA
151,5,"CASSRRNEQFF_IOKINBlood:LIB-25-0001_T3,CASSRVNEQFF_IOKINBlood:LIB-25-0017_T6,CSASRLNEQFF_IOKINBlood:LIB-25-0009_T2",3,3,"LIB-25-0001,LIB-25-0009,LIB-25-0017","Larynx,OralCavity","PD,PR",TBD,HNSCC,TBD,HNSCC,HNSCC,#CDEDFA
152,5,"CASSLGSGTEAFF_IOKINBlood:LIB-25-0002_T0,CASSLGTGTEAFF_IOKINBlood:LIB-25-0017_T2",2,2,"LIB-25-0002,LIB-25-0017","OralCavity,Oropharynx","LongTerm SD,PR","Positive,TBD","HNSCC,HomoSapiens",CASSLGVGTEAFF_HomoSapiens:A*02__ELAGIGILTV__MelanA-A27L,Human tumour and auto-antigens,MelanA-A27L,#FF9F01
154,4,CATRDQNTGELFF_IOKINBlood:LIB-25-0018_T3,1,1,LIB-25-0018,Hypopharynx,PR,TBD,MCPyV,"CAIRDSNTGELFF_MCPyV:A*02:01__KLLEIAPNC__T-Ag,CASRDQNTGELFF_MCPyV:A*02:01__KLLEIAPNC__T-Ag,CATRDINTGELFF_MCPyV:A*02:01__KLLEIAPNC__T-Ag",Viral,MCPyV,#AC261B
155,5,"CASSPGSTDTQYF_IOKINBlood:LIB-25-0009_T0,CASSPSSTDTQYF_IOKINBlood:LIB-25-0002_T0,CASSPVSTDTQYF_IOKINBlood:LIB-25-0018_T1",3,3,"LIB-25-0002,LIB-25-0009,LIB-25-0018","Hypopharynx,Larynx,Oropharynx","LongTerm SD,PR","Positive,TBD",HNSCC,TBD,HNSCC,HNSCC,#CDEDFA
159,5,"CASSLLGSSYEQYF_IOKINBlood:LIB-25-0002_T3,CASSLTGSSYEQYF_IOKINBlood:LIB-25-0017_T0",2,2,"LIB-25-0002,LIB-25-0017","OralCavity,Oropharynx","LongTerm SD,PR","Positive,TBD","HNSCC,HomoSapiens,YFV","CASSLGGSSYEQYF_HomoSapiens:A*0201__AAGIGILTV__MelanA,CASSLSGSSYEQYF_YFV:A*02__LLWNGPMAV__YFV-LLW",Cross-species,"MelanA,YFV",#FFDF01
160,5,"CASSRDLNTEAFF_IOKINBlood:LIB-25-0002_T4,CASSRNLNTEAFF_IOKINBlood:LIB-25-0003_T4-T5",2,2,"LIB-25-0002,LIB-25-0003",Oropharynx,"LongTerm SD,PD",Positive,HNSCC,TBD,HNSCC,HNSCC,#CDEDFA
161,5,"CASSGAGEAFF_IOKINBlood:LIB-25-0018_T4,CASSPAGEQYF_IOKINBlood:LIB-25-0002_T2,CATSEAGEQFF_IOKINBlood:LIB-25-0017_T0",3,3,"LIB-25-0002,LIB-25-0017,LIB-25-0018","Hypopharynx,OralCavity,Oropharynx","LongTerm SD,PR","Positive,TBD",HomoSapiens,"CASSMAGEQYF_HomoSapiens:A*02__ELAGIGILTV__MelanA-A27L,CASSQAGEQYF_HomoSapiens:A*02__LLAILTYYV__KCNB2-P6T",Human tumour and auto-antigens,"MelanA-A27L,KCNB2-P6T",#FF9F01
162,6,"CASSLAGSTDTQYF_IOKINBlood:LIB-25-0003_T3,CASSLAGSTDTQYF_IOKINBlood:LIB-25-0018_T6,CASSLGGSTDTQYF_IOKINBlood:LIB-25-0002_T0,CASSLGGSTDTQYF_IOKINBlood:LIB-25-0013_T4",4,4,"LIB-25-0002,LIB-25-0003,LIB-25-0013,LIB-25-0018","Hypopharynx,Oropharynx","LongTerm SD,PD,PR","Positive,TBD",HNSCC,TBD,HNSCC,HNSCC,#CDEDFA
163,6,"CASSLGGGTDTQYF_IOKINBlood:LIB-25-0009_T4-T5,CASSVGGGTDTQYF_IOKINBlood:LIB-25-0013_T3",2,2,"LIB-25-0009,LIB-25-0013","Larynx,Oropharynx","LongTerm SD,PR","Positive,TBD","HNSCC,HomoSapiens",CASSLGGGTDTQYF_HomoSapiens:A*0201__KTWGQYWQV__PMEL,Human tumour and auto-antigens,PMEL,#FF9F01
165,3,"CASSLRSSYEQYF_IOKINBlood:LIB-25-0018_T3,CASSLSSSYEQYF_IOKINBlood:LIB-25-0017_T0",2,2,"LIB-25-0017,LIB-25-0018","Hypopharynx,OralCavity",PR,TBD,Influenza,CASSLRSSYEQYF_Influenza:A*02:01__GILGFVFTL__M,Viral,Influenza,#AC261B
167,5,CASSWGQGNQPQHF_IOKINBlood:LIB-25-0002_T0,1,1,LIB-25-0002,Oropharynx,LongTerm SD,Positive,"HNSCC,HomoSapiens",CASSLGQGNQPQHF_HomoSapiens:A*02:01__FLYNLLTRV__SEC24A-P469L,Human tumour and auto-antigens,SEC24A-P469L,#FF9F01
169,6,"CARSLKNEQFF_IOKINBlood:LIB-25-0017_T1,CASSLLNEQFF_IOKINBlood:LIB-25-0002_T3,CASSLLNEQFF_IOKINBlood:LIB-25-0012_T6,CASSLTNEQFF_IOKINBlood:LIB-25-0001_T0",4,4,"LIB-25-0001,LIB-25-0002,LIB-25-0012,LIB-25-0017","OralCavity,Oropharynx","CR,LongTerm SD,PD,PR","Positive,TBD",HNSCC,TBD,HNSCC,HNSCC,#CDEDFA
175,7,"CASSPTGNTEAFF_IOKINBlood:LIB-25-0009_T1,CASSRTGNTEAFF_IOKINBlood:LIB-25-0017_T5,CASSSTGNTEAFF_IOKINBlood:LIB-25-0017_T6",3,2,"LIB-25-0009,LIB-25-0017","Larynx,OralCavity",PR,TBD,"HNSCC,HomoSapiens",CASSWTGNTEAFF_HomoSapiens:A*02__VVLSWAPPV-orVVMSWAPPV__FNDC3B-orFNDC3B-L3M,Human tumour and auto-antigens,FNDC3B-orFNDC3B-L3M,#FF9F01
176,6,CASSLTGGTEAFF_IOKINBlood:LIB-25-0009_T2-T3,1,1,LIB-25-0009,Larynx,PR,TBD,"HNSCC,HomoSapiens","CASSLAGGTEAFF_HomoSapiens:A*02__LLLNMLIVL__TRPV3-A8V,CASSLFGGTEAFF_HomoSapiens:NA__NA__MAA,CASSLLGGTEAFF_HomoSapiens:A*02:01__G209-2M__PMEL,YASSLTGGTEAFF_HomoSapiens:NA__NA__MAA",Human tumour and auto-antigens,"TRPV3-A8V,MAA,PMEL",#FF9F01
180,6,"CASSLRGNQPQHF_IOKINBlood:LIB-25-0001_T3-T5,CASSNRGNQPQHF_IOKINBlood:LIB-25-0009_T0,CASSPRGNQPQHF_IOKINBlood:LIB-25-0009_T3,CASSSRGNQPQHF_IOKINBlood:LIB-25-0009_T6,CASSYRGNQPQHF_IOKINBlood:LIB-25-0018_T0-T4",5,3,"LIB-25-0001,LIB-25-0009,LIB-25-0018","Hypopharynx,Larynx,OralCavity","PD,PR",TBD,HNSCC,TBD,HNSCC,HNSCC,#CDEDFA
182,6,"CASSPDGNYGYTF_IOKINBlood:LIB-25-0017_T2,CASSPRGNYGYTF_IOKINBlood:LIB-25-0012_T3",2,2,"LIB-25-0012,LIB-25-0017",OralCavity,"CR,PR",TBD,HNSCC,TBD,HNSCC,HNSCC,#CDEDFA
184,8,CASSLGGGNQPQHF_IOKINBlood:LIB-25-0001_T0,1,1,LIB-25-0001,OralCavity,PD,TBD,HNSCC,TBD,HNSCC,HNSCC,#CDEDFA
185,5,CASSLSGDTEAFF_IOKINBlood:LIB-25-0018_T0-T3-T5,1,1,LIB-25-0018,Hypopharynx,PR,TBD,"HNSCC,MCPyV",CASSLEGDTEAFF_MCPyV:A*02:01__KLLEIAPNC__T-Ag,Viral,MCPyV,#AC261B
186,6,"CASSLAGGTDTQYF_IOKINBlood:LIB-25-0001_T4-T6,CASSLAGGTDTQYF_IOKINBlood:LIB-25-0009_T4,CASSLARGTDTQYF_IOKINBlood:LIB-25-0017_T0",3,3,"LIB-25-0001,LIB-25-0009,LIB-25-0017","Larynx,OralCavity","PD,PR",TBD,"HNSCC,HomoSapiens",CASSLAQGTDTQYF_HomoSapiens:DPA1*0103-orDPB1*0401__NeoAg-KAKNFVTSLLSIIND__LAMC1p.S1509F,Human tumour and auto-antigens,LAMC1p.S1509F,#FF9F01
187,9,"CASSAYNEQFF_IOKINBlood:LIB-25-0001_T2,CASSDYNEQFF_IOKINBlood:LIB-25-0002_T3,CASSEYNEQFF_IOKINBlood:LIB-25-0018_T2,CASSPYNEQFF_IOKINBlood:LIB-25-0003_T0-T1-T3-T4-T6,CASSPYNEQFF_IOKINBlood:LIB-25-0013_T3-T6,CASSPYNEQFF_IOKINBlood:LIB-25-0018_T5,CASSSYNEQFF_IOKINBlood:LIB-25-0018_T5",7,5,"LIB-25-0001,LIB-25-0002,LIB-25-0003,LIB-25-0013,LIB-25-0018","Hypopharynx,OralCavity,Oropharynx","LongTerm SD,PD,PR","Positive,TBD",HNSCC,TBD,HNSCC,HNSCC,#CDEDFA
191,6,"CASSFGNTIYF_IOKINBlood:LIB-25-0001_T1,CASSLGNTIYF_IOKINBlood:LIB-25-0017_T6,CASSQGNTIYF_IOKINBlood:LIB-25-0002_T0,CASSVGNTIYF_IOKINBlood:LIB-25-0001_T2",4,3,"LIB-25-0001,LIB-25-0002,LIB-25-0017","OralCavity,Oropharynx","LongTerm SD,PD,PR","Positive,TBD",HNSCC,TBD,HNSCC,HNSCC,#CDEDFA
193,7,"CASSPGQGGYGYTF_IOKINBlood:LIB-25-0001_T4,CASSPGQGSYGYTF_IOKINBlood:LIB-25-0002_T2-T3-T4-T6,CASSPGQGSYGYTF_IOKINBlood:LIB-25-0018_T4",3,3,"LIB-25-0001,LIB-25-0002,LIB-25-0018","Hypopharynx,OralCavity,Oropharynx","LongTerm SD,PD,PR","Positive,TBD",HNSCC,TBD,HNSCC,HNSCC,#CDEDFA
195,5,"CASSLEGNGYTF_IOKINBlood:LIB-25-0017_T0,CASSLQGNGYTF_IOKINBlood:LIB-25-0002_T4",2,2,"LIB-25-0002,LIB-25-0017","OralCavity,Oropharynx","LongTerm SD,PR","Positive,TBD",HNSCC,TBD,HNSCC,HNSCC,#CDEDFA
197,6,"CASSLDSNQPQHF_IOKINBlood:LIB-25-0003_T5,CASSQDSNQPQHF_IOKINBlood:LIB-25-0009_T4,CASSRDSNQPQHF_IOKINBlood:LIB-25-0013_T0-T5-T6",3,3,"LIB-25-0003,LIB-25-0009,LIB-25-0013","Larynx,Oropharynx","LongTerm SD,PD,PR","Positive,TBD",HNSCC,TBD,HNSCC,HNSCC,#CDEDFA
201,5,CASSLGQASYEQYF_IOKINBlood:LIB-25-0001_T1,1,1,LIB-25-0001,OralCavity,PD,TBD,HNSCC,TBD,HNSCC,HNSCC,#CDEDFA
205,5,"CASSLGDNEQFF_IOKINBlood:LIB-25-0013_T2,CASSLGYNEQFF_IOKINBlood:LIB-25-0013_T0",2,1,LIB-25-0013,Oropharynx,LongTerm SD,Positive,HNSCC,TBD,HNSCC,HNSCC,#CDEDFA
208,8,"CASSLGGANTEAFF_IOKINBlood:LIB-25-0001_T2,CASSLGGLNTEAFF_IOKINBlood:LIB-25-0018_T3,CASSLGGMNTEAFF_IOKINBlood:LIB-25-0009_T6,CASSLGGWNTEAFF_IOKINBlood:LIB-25-0013_T6",4,4,"LIB-25-0001,LIB-25-0009,LIB-25-0013,LIB-25-0018","Hypopharynx,Larynx,OralCavity,Oropharynx","LongTerm SD,PD,PR","Positive,TBD",HNSCC,TBD,HNSCC,HNSCC,#CDEDFA
213,6,"CAISLGEYNEQFF_IOKINBlood:LIB-25-0017_T3,CASSLGTYNEQFF_IOKINBlood:LIB-25-0002_T0",2,2,"LIB-25-0002,LIB-25-0017","OralCavity,Oropharynx","LongTerm SD,PR","Positive,TBD",HNSCC,TBD,HNSCC,HNSCC,#CDEDFA
214,7,"CASSASTEAFF_IOKINBlood:LIB-25-0013_T4,CASSYSTEAFF_IOKINBlood:LIB-25-0013_T6",2,1,LIB-25-0013,Oropharynx,LongTerm SD,Positive,"HNSCC,HomoSapiens",CASSISTEAFF_HomoSapiens:A*02__YLQDSMATT__SREBF1-L6M,Human tumour and auto-antigens,SREBF1-L6M,#FF9F01
220,7,CSASQGNYGYTF_IOKINBlood:LIB-25-0009_T3,1,1,LIB-25-0009,Larynx,PR,TBD,"HCV,HNSCC,HomoSapiens,Influenza","CASSTGNYGYTF_HCV:A*02__KLVALGINAV__HCV-KLV,CASSTGNYGYTF_HomoSapiens:A*02__ALYGFVPVL__GANAB-S5F,CASSTGNYGYTF_Influenza:A*02:01__GILGFVFTL__M,CAWSVGNYGYTF_HomoSapiens:A*02__VLLGVKLSGV__COL18A1",Cross-species,"HCV,GANAB-S5F,COL18A1,Influenza",#FFDF01
222,5,"CASSFVGEAFF_IOKINBlood:LIB-25-0003_T3,CASSGVGEQFF_IOKINBlood:LIB-25-0009_T1,CASSYVGEAFF_IOKINBlood:LIB-25-0017_T1",3,3,"LIB-25-0003,LIB-25-0009,LIB-25-0017","Larynx,OralCavity,Oropharynx","PD,PR","Positive,TBD",HNSCC,TBD,HNSCC,HNSCC,#CDEDFA
232,5,"CASSPGTAYNEQFF_IOKINBlood:LIB-25-0003_T0,CASSPGTRYNEQFF_IOKINBlood:LIB-25-0001_T0",2,2,"LIB-25-0001,LIB-25-0003","OralCavity,Oropharynx",PD,"Positive,TBD",HNSCC,TBD,HNSCC,HNSCC,#CDEDFA
234,5,CASSGAGGYEQYF_IOKINBlood:LIB-25-0017_T5,1,1,LIB-25-0017,OralCavity,PR,TBD,"HNSCC,HomoSapiens","CASSIAGGYEQYV_HomoSapiens:A*02:01__AMFWSVPTV__TKT-R438W,CASSQAGGYEQYF_HomoSapiens:A*02__NLNCCSVPV__GNL3L-R4C,CASSVAGGYEQYF_HomoSapiens:A*02__KLWASPLHV__ATP6AP1-G3W",Human tumour and auto-antigens,"TKT-R438W,GNL3L-R4C,ATP6AP1-G3W",#FF9F01
236,5,"CASSLGGNTIYF_IOKINBlood:LIB-25-0017_T1,CASSLYGNTIYF_IOKINBlood:LIB-25-0009_T2",2,2,"LIB-25-0009,LIB-25-0017","Larynx,OralCavity",PR,TBD,HNSCC,TBD,HNSCC,HNSCC,#CDEDFA
240,5,CASSSQGGYGYTF_IOKINBlood:LIB-25-0013_T6,1,1,LIB-25-0013,Oropharynx,LongTerm SD,Positive,"HNSCC,HomoSapiens",CASSSQGGYGYTF_HomoSapiens:A*30:02__KVDPIGHVY__MAGE-A6,Human tumour and auto-antigens,MAGE-A6,#FF9F01
243,6,"CASSLRGSYEQYF_IOKINBlood:LIB-25-0017_T6,CASSLSGSYEQYF_IOKINBlood:LIB-25-0013_T0",2,2,"LIB-25-0013,LIB-25-0017","OralCavity,Oropharynx","LongTerm SD,PR","Positive,TBD","EBV,HCV,HNSCC,HomoSapiens","CASSLEGSYEQYF_EBV:NA__KLVALGINAV-orRAKFKQLL__BZLF1,CASSLEGSYEQYF_HCV:A*02__KLVALGINAV__NS3,CASSLQGSYEQYF_HomoSapiens:A*02__VVMSWAPPV__FNDC3B-L3M",Cross-species,"EBV,HCV,FNDC3B-L3M",#FFDF01
246,4,CASSPGTGAYEQYF_IOKINBlood:LIB-25-0017_T6,1,1,LIB-25-0017,OralCavity,PR,TBD,"HNSCC,HomoSapiens,YFV","CASSGGTGAYEQYF_YFV:A*02__LLWNGPMAV__YFV-LLW,CASSSGTGAYEQYF_HomoSapiens:A*02__HIAKSPFEV__FLNA",Cross-species,"FLNA,YFV",#FFDF01
252,8,CASSSLNTEAFF_IOKINBlood:LIB-25-0013_T5,1,1,LIB-25-0013,Oropharynx,LongTerm SD,Positive,"EBV,HNSCC,HomoSapiens","CASSPLNTEAFF_HomoSapiens:A*02:01__FLYNLLTRV__SEC24A-P469L,CASSSLNTEAFF_EBV:B*08:01__RAKFKQLL__BZLF1,CASSWLNTEAFF_HomoSapiens:A*02__FMLYLLTLM__OR14C36-V6L",Cross-species,"EBV,SEC24A-P469L,OR14C36-V6L",#FFDF01
272,8,"CASSGNYGYTF_IOKINBlood:LIB-25-0012_T5,CASSSNYGYTF_IOKINBlood:LIB-25-0001_T3,CAWSVNYGYTF_IOKINBlood:LIB-25-0018_T5,CSGSENYGYTF_IOKINBlood:LIB-25-0017_T2,CSVSINYGYTF_IOKINBlood:LIB-25-0009_T5",5,5,"LIB-25-0001,LIB-25-0009,LIB-25-0012,LIB-25-0017,LIB-25-0018","Hypopharynx,Larynx,OralCavity","CR,PD,PR",TBD,HNSCC,TBD,HNSCC,HNSCC,#CDEDFA
276,6,"CASSFGQGNTEAFF_IOKINBlood:LIB-25-0013_T0,CASSPGQGNTEAFF_IOKINBlood:LIB-25-0013_T0,CASSVGQGNTEAFF_IOKINBlood:LIB-25-0009_T3",3,2,"LIB-25-0009,LIB-25-0013","Larynx,Oropharynx","LongTerm SD,PR","Positive,TBD",HNSCC,TBD,HNSCC,HNSCC,#CDEDFA
281,5,"CASSLAGGEQFF_IOKINBlood:LIB-25-0017_T6,CASSLAGHEAFF_IOKINBlood:LIB-25-0001_T0",2,2,"LIB-25-0001,LIB-25-0017",OralCavity,"PD,PR",TBD,HNSCC,TBD,HNSCC,HNSCC,#CDEDFA
286,6,CASSLGVTEAFF_IOKINBlood:LIB-25-0018_T0,1,1,LIB-25-0018,Hypopharynx,PR,TBD,"HNSCC,HomoSapiens,MCPyV","CASSLGNTEAFF_HomoSapiens:A*02__FLYNPLTRV__SEC24A,CASSLGNTEAFF_MCPyV:A*02:01__KLLEIAPNC__T-Ag,CASSMGNTEAFF_HomoSapiens:A*02:01__FLYNLLTRV__SEC24A-P469L,CASSVGNTEAFF_HomoSapiens:A*02__YVLTWIVGA__GALC-V3L",Cross-species,"SEC24A,SEC24A-P469L,GALC-V3L,MCPyV",#FFDF01
287,5,"CASSLGEQETQYF_IOKINBlood:LIB-25-0001_T4,CASSLGIQETQYF_IOKINBlood:LIB-25-0013_T6,CASSLGQQETQYF_IOKINBlood:LIB-25-0018_T6,CASSLGSQETQYF_IOKINBlood:LIB-25-0017_T0",4,4,"LIB-25-0001,LIB-25-0013,LIB-25-0017,LIB-25-0018","Hypopharynx,OralCavity,Oropharynx","LongTerm SD,PD,PR","Positive,TBD",HNSCC,TBD,HNSCC,HNSCC,#CDEDFA
288,7,"CASSRGGQETQYF_IOKINBlood:LIB-25-0017_T3,CASSRGGQETQYF_IOKINBlood:LIB-25-0018_T5",2,2,"LIB-25-0017,LIB-25-0018","Hypopharynx,OralCavity",PR,TBD,HNSCC,TBD,HNSCC,HNSCC,#CDEDFA
293,8,"CASSGQLNTEAFF_IOKINBlood:LIB-25-0003_T0,CASSGQLNTEAFF_IOKINBlood:LIB-25-0017_T3,CASSGQVNTEAFF_IOKINBlood:LIB-25-0009_T0,CASVGQLNTEAFF_IOKINBlood:LIB-25-0017_T3,CSASGQLNTEAFF_IOKINBlood:LIB-25-0002_T3",5,4,"LIB-25-0002,LIB-25-0003,LIB-25-0009,LIB-25-0017","Larynx,OralCavity,Oropharynx","LongTerm SD,PD,PR","Positive,TBD",HNSCC,TBD,HNSCC,HNSCC,#CDEDFA
296,5,"CASSSGSGELFF_IOKINBlood:LIB-25-0013_T1,CATSRGSGELFF_IOKINBlood:LIB-25-0017_T2",2,2,"LIB-25-0013,LIB-25-0017","OralCavity,Oropharynx","LongTerm SD,PR","Positive,TBD","HNSCC,HomoSapiens","CASSFGSGEQFF_HomoSapiens:A*02__MLGEQLFPL__PABPC1-R5Q,CASSVGSGEQYF_HomoSapiens:A*02__KMVAVFYNT__OR5M3-T8N",Human tumour and auto-antigens,"PABPC1-R5Q,OR5M3-T8N",#FF9F01
297,6,CASSRGNQPQHF_IOKINBlood:LIB-25-0018_T3,1,1,LIB-25-0018,Hypopharynx,PR,TBD,"HNSCC,HomoSapiens",CASSQGNQPQHF_HomoSapiens:A*02:01__NLSALGIFST__IMP2,Human tumour and auto-antigens,IMP2,#FF9F01
299,6,CASSFLAGGYNEQFF_IOKINBlood:LIB-25-0018_T4,1,1,LIB-25-0018,Hypopharynx,PR,TBD,"EBV,HNSCC,HomoSapiens","CASSALAGGYNEQFF_HomoSapiens:A*02__YLDELIRNT__A2ML1-K7R,CASSALAGGYNEQFF_HomoSapiens:A*02__YTSEILSPI__KIF20B-S6L,CASSALAGGYNEQFF_HomoSapiens:A*02__YVNELVVFV__OR8B8,CASSPLAGGYNEQFF_EBV:NA__NA__NA",Cross-species,"EBV,A2ML1-K7R,KIF20B-S6L,OR8B8",#FFDF01
300,6,CASSLGSGNTIYF_IOKINBlood:LIB-25-0018_T0,1,1,LIB-25-0018,Hypopharynx,PR,TBD,"HNSCC,HomoSapiens","CASSFGSGNTIYF_HomoSapiens:A*02__FMIGYASAL-orFMIGYTSAL__TRPV4-orTRPV4-A6T,CASSFGSGNTIYF_HomoSapiens:A*02__LLFALHFSA__ST6GALNAC2-Y6H",Human tumour and auto-antigens,"TRPV4-orTRPV4-A6T,ST6GALNAC2-Y6H",#FF9F01
301,5,"CASSPTAEAFF_IOKINBlood:LIB-25-0013_T6,CASSPTAEQFF_IOKINBlood:LIB-25-0002_T0",2,2,"LIB-25-0002,LIB-25-0013",Oropharynx,LongTerm SD,Positive,"HNSCC,HomoSapiens","CASSPTAEAFF_HomoSapiens:A*02__LVFPLVMGV__PELP1-L3F,CASSPTAEAFF_HomoSapiens:A*02__TLFTMVGTV__DCHS1-I5M",Human tumour and auto-antigens,"PELP1-L3F,DCHS1-I5M",#FF9F01
307,4,"CASSVEGNTEAFF_IOKINBlood:LIB-25-0018_T3,CASSVPGNTEAFF_IOKINBlood:LIB-25-0009_T0,CATSVKGNTEAFF_IOKINBlood:LIB-25-0017_T6",3,3,"LIB-25-0009,LIB-25-0017,LIB-25-0018","Hypopharynx,Larynx,OralCavity",PR,TBD,HomoSapiens,CAWSVSGNTEAFF_HomoSapiens:A*02__KLMNIQQKL__AKAP13-Q8K,Human tumour and auto-antigens,AKAP13-Q8K,#FF9F01
324,6,CASSQGGNTEAFF_IOKINBlood:LIB-25-0018_T4,1,1,LIB-25-0018,Hypopharynx,PR,TBD,"HNSCC,HomoSapiens",CASSTGGNTEAFF_HomoSapiens:A*02__ILTGLNYEA-orILTGLNYEV__NSDHL-orNSDHL-A9V,Human tumour and auto-antigens,NSDHL-orNSDHL-A9V,#FF9F01
326,7,"CASSLAGADTQYF_IOKINBlood:LIB-25-0013_T5,CASSLIGADTQYF_IOKINBlood:LIB-25-0002_T3,CASSLVGADTQYF_IOKINBlood:LIB-25-0002_T0-T3-T5",3,2,"LIB-25-0002,LIB-25-0013",Oropharynx,LongTerm SD,Positive,"HNSCC,HomoSapiens",CASSLGGADTQYF_HomoSapiens:A*02:01__EAAGIGILTV-orNLSALGIFST__MelanA-orIMP2,Human tumour and auto-antigens,MelanA-orIMP2,#FF9F01
329,5,"CASSVTGEAFF_IOKINBlood:LIB-25-0017_T6,CASSVTGELFF_IOKINBlood:LIB-25-0018_T0,CSASVTGELFF_IOKINBlood:LIB-25-0009_T6",3,3,"LIB-25-0009,LIB-25-0017,LIB-25-0018","Hypopharynx,Larynx,OralCavity",PR,TBD,"HCV,HNSCC",CASSYTGELFF_HCV:A*02__KLVALGINAV__NS3,Viral,HCV,#AC261B
335,6,"CASSFSTDTQYF_IOKINBlood:LIB-25-0013_T0,CASSFSTDTQYF_IOKINBlood:LIB-25-0018_T4",2,2,"LIB-25-0013,LIB-25-0018","Hypopharynx,Oropharynx","LongTerm SD,PR","Positive,TBD","HNSCC,S-pneumoniae",CASSTSTDTQYF_S-pneumoniae:DPB1*04:01__ECTGLAWEWWRTV__NA,Bacterial,S-pneumoniae,#BAC70D
337,5,CASSSGGGTEAFF_IOKINBlood:LIB-25-0002_T3,1,1,LIB-25-0002,Oropharynx,LongTerm SD,Positive,"HNSCC,HomoSapiens,YFV","CASSQGGGTEAFF_YFV:A*02__LLWNGPMAV__YFV-LLW,CASSRGGGTEAFF_HomoSapiens:A*02__ILTGLNYEA-orILTGLNYEV__NSDHL-orNSDHL-A9V",Cross-species,"NSDHL-orNSDHL-A9V,YFV",#FFDF01
358,5,"CASSEGQGTDTQYF_IOKINBlood:LIB-25-0003_T6,CASSLGQGTDTQYF_IOKINBlood:LIB-25-0002_T1,CASSPGQGTDTQYF_IOKINBlood:LIB-25-0018_T6,CASSTGQGTDTQYF_IOKINBlood:LIB-25-0013_T0",4,4,"LIB-25-0002,LIB-25-0003,LIB-25-0013,LIB-25-0018","Hypopharynx,Oropharynx","LongTerm SD,PD,PR","Positive,TBD",HNSCC,TBD,HNSCC,HNSCC,#CDEDFA
363,5,"CASSRGTGELFF_IOKINBlood:LIB-25-0013_T0-T2,CASSSGTGELFF_IOKINBlood:LIB-25-0002_T6",2,2,"LIB-25-0002,LIB-25-0013",Oropharynx,LongTerm SD,Positive,HNSCC,TBD,HNSCC,HNSCC,#CDEDFA
378,5,"CAWSGGNTEAFF_IOKINBlood:LIB-25-0002_T6,CSAEGGNTEAFF_IOKINBlood:LIB-25-0013_T3,CSGLGGNTEAFF_IOKINBlood:LIB-25-0002_T5",3,2,"LIB-25-0002,LIB-25-0013",Oropharynx,LongTerm SD,Positive,HNSCC,TBD,HNSCC,HNSCC,#CDEDFA
382,5,"CASSLAGSSYNEQFF_IOKINBlood:LIB-25-0002_T4,CASSLIGSSYNEQFF_IOKINBlood:LIB-25-0001_T5,CASSLSGSSYNEQFF_IOKINBlood:LIB-25-0018_T4",3,3,"LIB-25-0001,LIB-25-0002,LIB-25-0018","Hypopharynx,OralCavity,Oropharynx","LongTerm SD,PD,PR","Positive,TBD",HNSCC,TBD,HNSCC,HNSCC,#CDEDFA
390,4,CASSTSNQPQHF_IOKINBlood:LIB-25-0018_T4,1,1,LIB-25-0018,Hypopharynx,PR,TBD,HomoSapiens,"CASSFSNQPQHF_HomoSapiens:A*02:01__FLYNLLTRV__SEC24A-P469L,CASSVSNQPQHF_HomoSapiens:A*02:01__FLYNLLTRV__SEC24A-P469L,CASSWSNQPQHF_HomoSapiens:A*02:01__FLYNLLTRV__SEC24A-P469L",Human tumour and auto-antigens,SEC24A-P469L,#FF9F01
394,5,"CASSLASDTQYF_IOKINBlood:LIB-25-0009_T3,CASSLASDTQYF_IOKINBlood:LIB-25-0017_T1,CASSLATDTQYF_IOKINBlood:LIB-25-0003_T5,CASSLATDTQYF_IOKINBlood:LIB-25-0017_T1",4,3,"LIB-25-0003,LIB-25-0009,LIB-25-0017","Larynx,OralCavity,Oropharynx","PD,PR","Positive,TBD",EBV,CASSLAADTQYF_EBV:NA__NA__NA,Viral,EBV,#AC261B
411,5,"CASLGGTEAFF_IOKINBlood:LIB-25-0018_T4,CSANGGTEAFF_IOKINBlood:LIB-25-0013_T0",2,2,"LIB-25-0013,LIB-25-0018","Hypopharynx,Oropharynx","LongTerm SD,PR","Positive,TBD","HNSCC,HomoSapiens","CASQGGTEAFF_HomoSapiens:NA__NA__MAA,CSVAGGTEAFF_HomoSapiens:A*02__FMLYLLTLM__OR14C36-V6L",Human tumour and auto-antigens,"MAA,OR14C36-V6L",#FF9F01
